Transaction_ID,Customer_ID,Transaction_Timestamp,Channel,Amount,Merchant_ID,Terminal_ID,Merchant_Time_Window_Minutes,Terminal_Time_Window_Minutes,Merchant_Count,Terminal_Count,Fraud_Type
96625472,CUST_000050,2026-05-24 00:52:13.896528+00:00,POS_TERMINAL,448.19,MERCH_000268,TERM_000299,,,2,2,SINGLE-SOURCE VOLUME SPIKE
46401253,CUST_000101,2026-06-20 10:02:00+00:00,POS_TERMINAL,3500.0,MERCH_SWEEP_1,TERM_SWEEP_1,1371,2647,6,10,SINGLE-SOURCE VOLUME SPIKE
32889419,CUST_000101,2026-06-20 10:04:00+00:00,ONLINE,3500.0,MERCH_SWEEP_2,TERM_SWEEP_2,606,2386,6,10,SINGLE-SOURCE VOLUME SPIKE
96521046,CUST_000101,2026-06-20 10:06:00+00:00,POS_TERMINAL,3500.0,MERCH_SWEEP_3,TERM_SWEEP_3,429,2088,6,10,SINGLE-SOURCE VOLUME SPIKE
91616314,CUST_000101,2026-06-20 10:08:00+00:00,ONLINE,3500.0,MERCH_SWEEP_4,TERM_SWEEP_4,225,2048,6,10,SINGLE-SOURCE VOLUME SPIKE
74344046,CUST_000101,2026-06-20 10:10:00+00:00,POS_TERMINAL,3500.0,MERCH_SWEEP_5,TERM_SWEEP_5,144,1379,6,10,SINGLE-SOURCE VOLUME SPIKE
78992698,CUST_000102,2026-06-20 10:02:00+00:00,POS_TERMINAL,3500.0,MERCH_SWEEP_1,TERM_SWEEP_1,991,2257,6,10,SINGLE-SOURCE VOLUME SPIKE
44321466,CUST_000102,2026-06-20 10:04:00+00:00,ONLINE,3500.0,MERCH_SWEEP_2,TERM_SWEEP_2,891,2253,6,10,SINGLE-SOURCE VOLUME SPIKE
53081509,CUST_000102,2026-06-20 10:06:00+00:00,POS_TERMINAL,3500.0,MERCH_SWEEP_3,TERM_SWEEP_3,698,1353,6,10,SINGLE-SOURCE VOLUME SPIKE
36801044,CUST_000102,2026-06-20 10:08:00+00:00,ONLINE,3500.0,MERCH_SWEEP_4,TERM_SWEEP_4,212,1284,6,10,SINGLE-SOURCE VOLUME SPIKE
42627258,CUST_000102,2026-06-20 10:10:00+00:00,POS_TERMINAL,3500.0,MERCH_SWEEP_5,TERM_SWEEP_5,39,999,6,10,SINGLE-SOURCE VOLUME SPIKE
94260291,CUST_000103,2026-06-20 10:02:00+00:00,POS_TERMINAL,3500.0,MERCH_SWEEP_1,TERM_SWEEP_1,1551,1917,6,10,SINGLE-SOURCE VOLUME SPIKE
56043921,CUST_000103,2026-06-20 10:04:00+00:00,ONLINE,3500.0,MERCH_SWEEP_2,TERM_SWEEP_2,729,1893,6,10,SINGLE-SOURCE VOLUME SPIKE
75350496,CUST_000103,2026-06-20 10:06:00+00:00,POS_TERMINAL,3500.0,MERCH_SWEEP_3,TERM_SWEEP_3,399,1849,6,10,SINGLE-SOURCE VOLUME SPIKE
37988211,CUST_000103,2026-06-20 10:08:00+00:00,ONLINE,3500.0,MERCH_SWEEP_4,TERM_SWEEP_4,370,1586,6,10,SINGLE-SOURCE VOLUME SPIKE
27148082,CUST_000103,2026-06-20 10:10:00+00:00,POS_TERMINAL,3500.0,MERCH_SWEEP_5,TERM_SWEEP_5,41,1559,6,10,SINGLE-SOURCE VOLUME SPIKE
44497074,CUST_000104,2026-06-20 10:02:00+00:00,POS_TERMINAL,3500.0,MERCH_SWEEP_1,TERM_SWEEP_1,2055,3101,6,10,SINGLE-SOURCE VOLUME SPIKE
23832091,CUST_000104,2026-06-20 10:04:00+00:00,ONLINE,3500.0,MERCH_SWEEP_2,TERM_SWEEP_2,1157,2938,6,10,SINGLE-SOURCE VOLUME SPIKE
99490983,CUST_000104,2026-06-20 10:06:00+00:00,POS_TERMINAL,3500.0,MERCH_SWEEP_3,TERM_SWEEP_3,767,2652,6,10,SINGLE-SOURCE VOLUME SPIKE
42130875,CUST_000104,2026-06-20 10:08:00+00:00,ONLINE,3500.0,MERCH_SWEEP_4,TERM_SWEEP_4,569,2195,6,10,SINGLE-SOURCE VOLUME SPIKE
56264182,CUST_000104,2026-06-20 10:10:00+00:00,POS_TERMINAL,3500.0,MERCH_SWEEP_5,TERM_SWEEP_5,134,2063,6,10,SINGLE-SOURCE VOLUME SPIKE
91412496,CUST_000105,2026-06-20 10:02:00+00:00,POS_TERMINAL,3500.0,MERCH_SWEEP_1,TERM_SWEEP_1,2497,4254,6,10,SINGLE-SOURCE VOLUME SPIKE
80975162,CUST_000105,2026-06-20 10:04:00+00:00,ONLINE,3500.0,MERCH_SWEEP_2,TERM_SWEEP_2,1624,2998,6,10,SINGLE-SOURCE VOLUME SPIKE
87757402,CUST_000105,2026-06-20 10:06:00+00:00,POS_TERMINAL,3500.0,MERCH_SWEEP_3,TERM_SWEEP_3,1266,2613,6,10,SINGLE-SOURCE VOLUME SPIKE
65735554,CUST_000105,2026-06-20 10:08:00+00:00,ONLINE,3500.0,MERCH_SWEEP_4,TERM_SWEEP_4,276,2503,6,10,SINGLE-SOURCE VOLUME SPIKE
23257847,CUST_000105,2026-06-20 10:10:00+00:00,POS_TERMINAL,3500.0,MERCH_SWEEP_5,TERM_SWEEP_5,8,1630,6,10,CNPP MERCHANT SWEEP
96993146,CUST_000106,2026-06-20 10:02:00+00:00,POS_TERMINAL,3500.0,MERCH_SWEEP_1,TERM_SWEEP_1,928,1499,6,10,SINGLE-SOURCE VOLUME SPIKE
89656145,CUST_000106,2026-06-20 10:04:00+00:00,ONLINE,3500.0,MERCH_SWEEP_2,TERM_SWEEP_2,755,1286,6,10,SINGLE-SOURCE VOLUME SPIKE
101269218,CUST_000106,2026-06-20 10:06:00+00:00,POS_TERMINAL,3500.0,MERCH_SWEEP_3,TERM_SWEEP_3,160,1034,6,10,SINGLE-SOURCE VOLUME SPIKE
106163535,CUST_000106,2026-06-20 10:08:00+00:00,ONLINE,3500.0,MERCH_SWEEP_4,TERM_SWEEP_4,76,1015,6,10,SINGLE-SOURCE VOLUME SPIKE
38252749,CUST_000106,2026-06-20 10:10:00+00:00,POS_TERMINAL,3500.0,MERCH_SWEEP_5,TERM_SWEEP_5,68,936,6,10,SINGLE-SOURCE VOLUME SPIKE
65327528,CUST_000107,2026-06-20 10:02:00+00:00,POS_TERMINAL,3500.0,MERCH_SWEEP_1,TERM_SWEEP_1,1611,2230,6,10,SINGLE-SOURCE VOLUME SPIKE
67510741,CUST_000107,2026-06-20 10:04:00+00:00,ONLINE,3500.0,MERCH_SWEEP_2,TERM_SWEEP_2,1564,2104,6,10,SINGLE-SOURCE VOLUME SPIKE
32281387,CUST_000107,2026-06-20 10:06:00+00:00,POS_TERMINAL,3500.0,MERCH_SWEEP_3,TERM_SWEEP_3,1369,1951,6,10,SINGLE-SOURCE VOLUME SPIKE
54443796,CUST_000107,2026-06-20 10:08:00+00:00,ONLINE,3500.0,MERCH_SWEEP_4,TERM_SWEEP_4,912,1646,6,10,SINGLE-SOURCE VOLUME SPIKE
70613270,CUST_000107,2026-06-20 10:10:00+00:00,POS_TERMINAL,3500.0,MERCH_SWEEP_5,TERM_SWEEP_5,22,1619,6,10,SINGLE-SOURCE VOLUME SPIKE
33529557,CUST_000108,2026-06-20 10:02:00+00:00,POS_TERMINAL,3500.0,MERCH_SWEEP_1,TERM_SWEEP_1,3592,5177,6,10,SINGLE-SOURCE VOLUME SPIKE
63128983,CUST_000108,2026-06-20 10:04:00+00:00,ONLINE,3500.0,MERCH_SWEEP_2,TERM_SWEEP_2,3190,4520,6,10,SINGLE-SOURCE VOLUME SPIKE
26554425,CUST_000108,2026-06-20 10:06:00+00:00,POS_TERMINAL,3500.0,MERCH_SWEEP_3,TERM_SWEEP_3,2995,4153,6,10,SINGLE-SOURCE VOLUME SPIKE
64017515,CUST_000108,2026-06-20 10:08:00+00:00,ONLINE,3500.0,MERCH_SWEEP_4,TERM_SWEEP_4,1411,3748,6,10,SINGLE-SOURCE VOLUME SPIKE
65914217,CUST_000108,2026-06-20 10:10:00+00:00,POS_TERMINAL,3500.0,MERCH_SWEEP_5,TERM_SWEEP_5,355,3600,6,10,SINGLE-SOURCE VOLUME SPIKE
67475388,CUST_000109,2026-06-20 10:02:00+00:00,POS_TERMINAL,3500.0,MERCH_SWEEP_1,TERM_SWEEP_1,2762,3555,6,10,SINGLE-SOURCE VOLUME SPIKE
91962924,CUST_000109,2026-06-20 10:04:00+00:00,ONLINE,3500.0,MERCH_SWEEP_2,TERM_SWEEP_2,1949,3221,6,10,SINGLE-SOURCE VOLUME SPIKE
54392947,CUST_000109,2026-06-20 10:06:00+00:00,POS_TERMINAL,3500.0,MERCH_SWEEP_3,TERM_SWEEP_3,1259,3118,6,10,SINGLE-SOURCE VOLUME SPIKE
63179261,CUST_000109,2026-06-20 10:08:00+00:00,ONLINE,3500.0,MERCH_SWEEP_4,TERM_SWEEP_4,577,2828,6,10,SINGLE-SOURCE VOLUME SPIKE
31309533,CUST_000109,2026-06-20 10:10:00+00:00,POS_TERMINAL,3500.0,MERCH_SWEEP_5,TERM_SWEEP_5,419,2770,6,10,SINGLE-SOURCE VOLUME SPIKE
41312859,CUST_000110,2026-06-20 10:02:00+00:00,POS_TERMINAL,3500.0,MERCH_SWEEP_1,TERM_SWEEP_1,952,2120,6,10,SINGLE-SOURCE VOLUME SPIKE
71069204,CUST_000110,2026-06-20 10:04:00+00:00,ONLINE,3500.0,MERCH_SWEEP_2,TERM_SWEEP_2,635,1998,6,10,SINGLE-SOURCE VOLUME SPIKE
52323914,CUST_000110,2026-06-20 10:06:00+00:00,POS_TERMINAL,3500.0,MERCH_SWEEP_3,TERM_SWEEP_3,498,1558,6,10,SINGLE-SOURCE VOLUME SPIKE
92657280,CUST_000110,2026-06-20 10:08:00+00:00,ONLINE,3500.0,MERCH_SWEEP_4,TERM_SWEEP_4,296,1362,6,10,SINGLE-SOURCE VOLUME SPIKE
24176479,CUST_000110,2026-06-20 10:10:00+00:00,POS_TERMINAL,3500.0,MERCH_SWEEP_5,TERM_SWEEP_5,144,960,6,10,SINGLE-SOURCE VOLUME SPIKE
74934017,CUST_000111,2026-06-20 10:02:00+00:00,POS_TERMINAL,3500.0,MERCH_SWEEP_1,TERM_SWEEP_1,2935,4421,6,10,SINGLE-SOURCE VOLUME SPIKE
47198407,CUST_000111,2026-06-20 10:04:00+00:00,ONLINE,3500.0,MERCH_SWEEP_2,TERM_SWEEP_2,2765,3734,6,10,SINGLE-SOURCE VOLUME SPIKE
62254946,CUST_000111,2026-06-20 10:06:00+00:00,POS_TERMINAL,3500.0,MERCH_SWEEP_3,TERM_SWEEP_3,2705,3435,6,10,SINGLE-SOURCE VOLUME SPIKE
74953192,CUST_000111,2026-06-20 10:08:00+00:00,ONLINE,3500.0,MERCH_SWEEP_4,TERM_SWEEP_4,633,3207,6,10,SINGLE-SOURCE VOLUME SPIKE
61099657,CUST_000111,2026-06-20 10:10:00+00:00,POS_TERMINAL,3500.0,MERCH_SWEEP_5,TERM_SWEEP_5,227,2943,6,10,SINGLE-SOURCE VOLUME SPIKE
38392912,CUST_000112,2026-06-20 10:02:00+00:00,POS_TERMINAL,3500.0,MERCH_SWEEP_1,TERM_SWEEP_1,2352,4657,6,10,SINGLE-SOURCE VOLUME SPIKE
84146276,CUST_000112,2026-06-20 10:04:00+00:00,ONLINE,3500.0,MERCH_SWEEP_2,TERM_SWEEP_2,2263,3877,6,10,SINGLE-SOURCE VOLUME SPIKE
107361218,CUST_000112,2026-06-20 10:06:00+00:00,POS_TERMINAL,3500.0,MERCH_SWEEP_3,TERM_SWEEP_3,1971,3247,6,10,SINGLE-SOURCE VOLUME SPIKE
98173294,CUST_000112,2026-06-20 10:08:00+00:00,ONLINE,3500.0,MERCH_SWEEP_4,TERM_SWEEP_4,1754,3130,6,10,SINGLE-SOURCE VOLUME SPIKE
87088434,CUST_000112,2026-06-20 10:10:00+00:00,POS_TERMINAL,3500.0,MERCH_SWEEP_5,TERM_SWEEP_5,53,2360,6,10,SINGLE-SOURCE VOLUME SPIKE
85319840,CUST_000113,2026-06-20 10:02:00+00:00,POS_TERMINAL,3500.0,MERCH_SWEEP_1,TERM_SWEEP_1,1555,2766,6,10,SINGLE-SOURCE VOLUME SPIKE
27305369,CUST_000113,2026-06-20 10:04:00+00:00,ONLINE,3500.0,MERCH_SWEEP_2,TERM_SWEEP_2,1500,2382,6,10,SINGLE-SOURCE VOLUME SPIKE
63607040,CUST_000113,2026-06-20 10:06:00+00:00,POS_TERMINAL,3500.0,MERCH_SWEEP_3,TERM_SWEEP_3,1325,2208,6,10,SINGLE-SOURCE VOLUME SPIKE
53954817,CUST_000113,2026-06-20 10:08:00+00:00,ONLINE,3500.0,MERCH_SWEEP_4,TERM_SWEEP_4,923,1810,6,10,SINGLE-SOURCE VOLUME SPIKE
21447043,CUST_000113,2026-06-20 10:10:00+00:00,POS_TERMINAL,3500.0,MERCH_SWEEP_5,TERM_SWEEP_5,898,1563,6,10,SINGLE-SOURCE VOLUME SPIKE
84195942,CUST_000114,2026-06-20 10:02:00+00:00,POS_TERMINAL,3500.0,MERCH_SWEEP_1,TERM_SWEEP_1,1104,1946,6,10,SINGLE-SOURCE VOLUME SPIKE
96920054,CUST_000114,2026-06-20 10:04:00+00:00,ONLINE,3500.0,MERCH_SWEEP_2,TERM_SWEEP_2,1081,1409,6,10,SINGLE-SOURCE VOLUME SPIKE
106479253,CUST_000114,2026-06-20 10:06:00+00:00,POS_TERMINAL,3500.0,MERCH_SWEEP_3,TERM_SWEEP_3,974,1211,6,10,SINGLE-SOURCE VOLUME SPIKE
48951135,CUST_000114,2026-06-20 10:08:00+00:00,ONLINE,3500.0,MERCH_SWEEP_4,TERM_SWEEP_4,769,1156,6,10,SINGLE-SOURCE VOLUME SPIKE
62525612,CUST_000114,2026-06-20 10:10:00+00:00,POS_TERMINAL,3500.0,MERCH_SWEEP_5,TERM_SWEEP_5,126,1112,6,10,SINGLE-SOURCE VOLUME SPIKE
105410117,CUST_000115,2026-06-20 10:02:00+00:00,POS_TERMINAL,3500.0,MERCH_SWEEP_1,TERM_SWEEP_1,2319,3592,6,10,SINGLE-SOURCE VOLUME SPIKE
30587583,CUST_000115,2026-06-20 10:04:00+00:00,ONLINE,3500.0,MERCH_SWEEP_2,TERM_SWEEP_2,2281,3299,6,10,SINGLE-SOURCE VOLUME SPIKE
31451126,CUST_000115,2026-06-20 10:06:00+00:00,POS_TERMINAL,3500.0,MERCH_SWEEP_3,TERM_SWEEP_3,2159,3057,6,10,SINGLE-SOURCE VOLUME SPIKE
34572475,CUST_000115,2026-06-20 10:08:00+00:00,ONLINE,3500.0,MERCH_SWEEP_4,TERM_SWEEP_4,909,2685,6,10,SINGLE-SOURCE VOLUME SPIKE
71313495,CUST_000115,2026-06-20 10:10:00+00:00,POS_TERMINAL,3500.0,MERCH_SWEEP_5,TERM_SWEEP_5,246,2327,6,10,SINGLE-SOURCE VOLUME SPIKE
85217135,CUST_000116,2026-06-20 10:02:00+00:00,POS_TERMINAL,3500.0,MERCH_SWEEP_1,TERM_SWEEP_1,2000,3408,6,10,SINGLE-SOURCE VOLUME SPIKE
87927414,CUST_000116,2026-06-20 10:04:00+00:00,ONLINE,3500.0,MERCH_SWEEP_2,TERM_SWEEP_2,1629,2729,6,10,SINGLE-SOURCE VOLUME SPIKE
74783380,CUST_000116,2026-06-20 10:06:00+00:00,POS_TERMINAL,3500.0,MERCH_SWEEP_3,TERM_SWEEP_3,1532,2539,6,10,SINGLE-SOURCE VOLUME SPIKE
51920268,CUST_000116,2026-06-20 10:08:00+00:00,ONLINE,3500.0,MERCH_SWEEP_4,TERM_SWEEP_4,1222,2452,6,10,SINGLE-SOURCE VOLUME SPIKE
104130679,CUST_000116,2026-06-20 10:10:00+00:00,POS_TERMINAL,3500.0,MERCH_SWEEP_5,TERM_SWEEP_5,496,2008,6,10,SINGLE-SOURCE VOLUME SPIKE
98310857,CUST_000117,2026-06-20 10:02:00+00:00,POS_TERMINAL,3500.0,MERCH_SWEEP_1,TERM_SWEEP_1,1873,2647,6,10,SINGLE-SOURCE VOLUME SPIKE
68559474,CUST_000117,2026-06-20 10:04:00+00:00,ONLINE,3500.0,MERCH_SWEEP_2,TERM_SWEEP_2,1667,2476,6,10,SINGLE-SOURCE VOLUME SPIKE
109897336,CUST_000117,2026-06-20 10:06:00+00:00,POS_TERMINAL,3500.0,MERCH_SWEEP_3,TERM_SWEEP_3,874,2308,6,10,SINGLE-SOURCE VOLUME SPIKE
98583406,CUST_000117,2026-06-20 10:08:00+00:00,ONLINE,3500.0,MERCH_SWEEP_4,TERM_SWEEP_4,501,2198,6,10,SINGLE-SOURCE VOLUME SPIKE
75532469,CUST_000117,2026-06-20 10:10:00+00:00,POS_TERMINAL,3500.0,MERCH_SWEEP_5,TERM_SWEEP_5,489,1881,6,10,SINGLE-SOURCE VOLUME SPIKE
95064491,CUST_000118,2026-06-20 10:02:00+00:00,POS_TERMINAL,3500.0,MERCH_SWEEP_1,TERM_SWEEP_1,1839,3184,6,10,SINGLE-SOURCE VOLUME SPIKE
42359818,CUST_000118,2026-06-20 10:04:00+00:00,ONLINE,3500.0,MERCH_SWEEP_2,TERM_SWEEP_2,1125,2869,6,10,SINGLE-SOURCE VOLUME SPIKE
61122977,CUST_000118,2026-06-20 10:06:00+00:00,POS_TERMINAL,3500.0,MERCH_SWEEP_3,TERM_SWEEP_3,1087,2424,6,10,SINGLE-SOURCE VOLUME SPIKE
103216760,CUST_000118,2026-06-20 10:08:00+00:00,ONLINE,3500.0,MERCH_SWEEP_4,TERM_SWEEP_4,838,2273,6,10,SINGLE-SOURCE VOLUME SPIKE
31393345,CUST_000118,2026-06-20 10:10:00+00:00,POS_TERMINAL,3500.0,MERCH_SWEEP_5,TERM_SWEEP_5,411,1847,6,10,SINGLE-SOURCE VOLUME SPIKE
61041131,CUST_000119,2026-06-20 10:02:00+00:00,POS_TERMINAL,3500.0,MERCH_SWEEP_1,TERM_SWEEP_1,2645,6283,6,10,SINGLE-SOURCE VOLUME SPIKE
68200464,CUST_000119,2026-06-20 10:04:00+00:00,ONLINE,3500.0,MERCH_SWEEP_2,TERM_SWEEP_2,2340,5174,6,10,SINGLE-SOURCE VOLUME SPIKE
101369196,CUST_000119,2026-06-20 10:06:00+00:00,POS_TERMINAL,3500.0,MERCH_SWEEP_3,TERM_SWEEP_3,2092,4176,6,10,SINGLE-SOURCE VOLUME SPIKE
46332115,CUST_000119,2026-06-20 10:08:00+00:00,ONLINE,3500.0,MERCH_SWEEP_4,TERM_SWEEP_4,973,4068,6,10,SINGLE-SOURCE VOLUME SPIKE
47738047,CUST_000119,2026-06-20 10:10:00+00:00,POS_TERMINAL,3500.0,MERCH_SWEEP_5,TERM_SWEEP_5,783,2653,6,10,SINGLE-SOURCE VOLUME SPIKE
79144913,CUST_000120,2026-06-20 10:02:00+00:00,POS_TERMINAL,3500.0,MERCH_SWEEP_1,TERM_SWEEP_1,2290,5039,6,10,SINGLE-SOURCE VOLUME SPIKE
91359803,CUST_000120,2026-06-20 10:04:00+00:00,ONLINE,3500.0,MERCH_SWEEP_2,TERM_SWEEP_2,2283,3994,6,10,SINGLE-SOURCE VOLUME SPIKE
30595314,CUST_000120,2026-06-20 10:06:00+00:00,POS_TERMINAL,3500.0,MERCH_SWEEP_3,TERM_SWEEP_3,1897,3270,6,10,SINGLE-SOURCE VOLUME SPIKE
76694089,CUST_000120,2026-06-20 10:08:00+00:00,ONLINE,3500.0,MERCH_SWEEP_4,TERM_SWEEP_4,687,2750,6,10,SINGLE-SOURCE VOLUME SPIKE
32766315,CUST_000120,2026-06-20 10:10:00+00:00,POS_TERMINAL,3500.0,MERCH_SWEEP_5,TERM_SWEEP_5,296,2298,6,10,SINGLE-SOURCE VOLUME SPIKE
69887362,CUST_000121,2026-06-20 10:02:00+00:00,POS_TERMINAL,3500.0,MERCH_SWEEP_1,TERM_SWEEP_1,1518,2513,6,10,SINGLE-SOURCE VOLUME SPIKE
80634949,CUST_000121,2026-06-20 10:04:00+00:00,ONLINE,3500.0,MERCH_SWEEP_2,TERM_SWEEP_2,1273,2324,6,10,SINGLE-SOURCE VOLUME SPIKE
77082208,CUST_000121,2026-06-20 10:06:00+00:00,POS_TERMINAL,3500.0,MERCH_SWEEP_3,TERM_SWEEP_3,1094,1929,6,10,SINGLE-SOURCE VOLUME SPIKE
78016033,CUST_000121,2026-06-20 10:08:00+00:00,ONLINE,3500.0,MERCH_SWEEP_4,TERM_SWEEP_4,904,1587,6,10,SINGLE-SOURCE VOLUME SPIKE
99107245,CUST_000121,2026-06-20 10:10:00+00:00,POS_TERMINAL,3500.0,MERCH_SWEEP_5,TERM_SWEEP_5,549,1526,6,10,SINGLE-SOURCE VOLUME SPIKE
50704568,CUST_000122,2026-06-20 10:02:00+00:00,POS_TERMINAL,3500.0,MERCH_SWEEP_1,TERM_SWEEP_1,1365,1972,6,8,SINGLE-SOURCE VOLUME SPIKE
65205284,CUST_000122,2026-06-20 10:04:00+00:00,ONLINE,3500.0,MERCH_SWEEP_2,TERM_SWEEP_2,807,1967,6,8,SINGLE-SOURCE VOLUME SPIKE
34074514,CUST_000122,2026-06-20 10:06:00+00:00,POS_TERMINAL,3500.0,MERCH_SWEEP_3,TERM_SWEEP_3,599,1889,6,9,SINGLE-SOURCE VOLUME SPIKE
41100056,CUST_000122,2026-06-20 10:08:00+00:00,ONLINE,3500.0,MERCH_SWEEP_4,TERM_SWEEP_4,445,1507,6,9,SINGLE-SOURCE VOLUME SPIKE
106001931,CUST_000122,2026-06-20 10:10:00+00:00,POS_TERMINAL,3500.0,MERCH_SWEEP_5,TERM_SWEEP_5,412,1373,6,9,SINGLE-SOURCE VOLUME SPIKE
49723915,CUST_000123,2026-06-20 10:02:00+00:00,POS_TERMINAL,3500.0,MERCH_SWEEP_1,TERM_SWEEP_1,2278,3214,6,10,SINGLE-SOURCE VOLUME SPIKE
32576925,CUST_000123,2026-06-20 10:04:00+00:00,ONLINE,3500.0,MERCH_SWEEP_2,TERM_SWEEP_2,1616,2496,6,10,SINGLE-SOURCE VOLUME SPIKE
42534679,CUST_000123,2026-06-20 10:06:00+00:00,POS_TERMINAL,3500.0,MERCH_SWEEP_3,TERM_SWEEP_3,1560,2435,6,10,SINGLE-SOURCE VOLUME SPIKE
77389059,CUST_000123,2026-06-20 10:08:00+00:00,ONLINE,3500.0,MERCH_SWEEP_4,TERM_SWEEP_4,1129,2367,6,10,SINGLE-SOURCE VOLUME SPIKE
102970418,CUST_000123,2026-06-20 10:10:00+00:00,POS_TERMINAL,3500.0,MERCH_SWEEP_5,TERM_SWEEP_5,900,2286,6,10,SINGLE-SOURCE VOLUME SPIKE
108155145,CUST_000124,2026-06-20 10:02:00+00:00,POS_TERMINAL,3500.0,MERCH_SWEEP_1,TERM_SWEEP_1,1800,3265,6,10,SINGLE-SOURCE VOLUME SPIKE
57805070,CUST_000124,2026-06-20 10:04:00+00:00,ONLINE,3500.0,MERCH_SWEEP_2,TERM_SWEEP_2,1559,2503,6,10,SINGLE-SOURCE VOLUME SPIKE
31473671,CUST_000124,2026-06-20 10:06:00+00:00,POS_TERMINAL,3500.0,MERCH_SWEEP_3,TERM_SWEEP_3,1373,2298,6,10,SINGLE-SOURCE VOLUME SPIKE
30836176,CUST_000124,2026-06-20 10:08:00+00:00,ONLINE,3500.0,MERCH_SWEEP_4,TERM_SWEEP_4,551,2224,6,10,SINGLE-SOURCE VOLUME SPIKE
51592466,CUST_000124,2026-06-20 10:10:00+00:00,POS_TERMINAL,3500.0,MERCH_SWEEP_5,TERM_SWEEP_5,101,1808,6,10,SINGLE-SOURCE VOLUME SPIKE
44224946,CUST_000125,2026-06-20 10:02:00+00:00,POS_TERMINAL,3500.0,MERCH_SWEEP_1,TERM_SWEEP_1,1737,3243,6,10,SINGLE-SOURCE VOLUME SPIKE
30050896,CUST_000125,2026-06-20 10:04:00+00:00,ONLINE,3500.0,MERCH_SWEEP_2,TERM_SWEEP_2,1344,2691,6,10,SINGLE-SOURCE VOLUME SPIKE
65224961,CUST_000125,2026-06-20 10:06:00+00:00,POS_TERMINAL,3500.0,MERCH_SWEEP_3,TERM_SWEEP_3,1062,2670,6,10,SINGLE-SOURCE VOLUME SPIKE
35851040,CUST_000125,2026-06-20 10:08:00+00:00,ONLINE,3500.0,MERCH_SWEEP_4,TERM_SWEEP_4,990,1933,6,10,SINGLE-SOURCE VOLUME SPIKE
93800232,CUST_000125,2026-06-20 10:10:00+00:00,POS_TERMINAL,3500.0,MERCH_SWEEP_5,TERM_SWEEP_5,874,1745,6,10,SINGLE-SOURCE VOLUME SPIKE
72335466,CUST_000126,2026-06-20 10:02:00+00:00,POS_TERMINAL,3500.0,MERCH_SWEEP_1,TERM_SWEEP_1,748,2668,6,10,SINGLE-SOURCE VOLUME SPIKE
106144976,CUST_000126,2026-06-20 10:04:00+00:00,ONLINE,3500.0,MERCH_SWEEP_2,TERM_SWEEP_2,704,2408,6,10,SINGLE-SOURCE VOLUME SPIKE
48351130,CUST_000126,2026-06-20 10:06:00+00:00,POS_TERMINAL,3500.0,MERCH_SWEEP_3,TERM_SWEEP_3,575,2181,6,10,SINGLE-SOURCE VOLUME SPIKE
33763510,CUST_000126,2026-06-20 10:08:00+00:00,ONLINE,3500.0,MERCH_SWEEP_4,TERM_SWEEP_4,160,992,6,10,SINGLE-SOURCE VOLUME SPIKE
85118378,CUST_000126,2026-06-20 10:10:00+00:00,POS_TERMINAL,3500.0,MERCH_SWEEP_5,TERM_SWEEP_5,73,756,6,10,SINGLE-SOURCE VOLUME SPIKE
94242841,CUST_000127,2026-06-20 10:02:00+00:00,POS_TERMINAL,3500.0,MERCH_SWEEP_1,TERM_SWEEP_1,2086,3764,6,10,SINGLE-SOURCE VOLUME SPIKE
99125480,CUST_000127,2026-06-20 10:04:00+00:00,ONLINE,3500.0,MERCH_SWEEP_2,TERM_SWEEP_2,1940,3155,6,10,SINGLE-SOURCE VOLUME SPIKE
99112684,CUST_000127,2026-06-20 10:06:00+00:00,POS_TERMINAL,3500.0,MERCH_SWEEP_3,TERM_SWEEP_3,1453,2869,6,10,SINGLE-SOURCE VOLUME SPIKE
85216248,CUST_000127,2026-06-20 10:08:00+00:00,ONLINE,3500.0,MERCH_SWEEP_4,TERM_SWEEP_4,1415,2551,6,10,SINGLE-SOURCE VOLUME SPIKE
29841942,CUST_000127,2026-06-20 10:10:00+00:00,POS_TERMINAL,3500.0,MERCH_SWEEP_5,TERM_SWEEP_5,1036,2094,6,10,SINGLE-SOURCE VOLUME SPIKE
64742560,CUST_000128,2026-06-20 10:02:00+00:00,POS_TERMINAL,3500.0,MERCH_SWEEP_1,TERM_SWEEP_1,1213,1407,5,10,SINGLE-SOURCE VOLUME SPIKE
77175303,CUST_000128,2026-06-20 10:04:00+00:00,ONLINE,3500.0,MERCH_SWEEP_2,TERM_SWEEP_2,908,1390,5,10,SINGLE-SOURCE VOLUME SPIKE
29835082,CUST_000128,2026-06-20 10:06:00+00:00,POS_TERMINAL,3500.0,MERCH_SWEEP_3,TERM_SWEEP_3,900,1317,5,10,SINGLE-SOURCE VOLUME SPIKE
79383736,CUST_000128,2026-06-20 10:08:00+00:00,ONLINE,3500.0,MERCH_SWEEP_4,TERM_SWEEP_4,643,1283,5,10,SINGLE-SOURCE VOLUME SPIKE
66904346,CUST_000128,2026-06-20 10:10:00+00:00,POS_TERMINAL,3500.0,MERCH_SWEEP_5,TERM_SWEEP_5,533,1221,5,10,SINGLE-SOURCE VOLUME SPIKE
58779989,CUST_000129,2026-06-20 10:02:00+00:00,POS_TERMINAL,3500.0,MERCH_SWEEP_1,TERM_SWEEP_1,1921,2867,6,10,SINGLE-SOURCE VOLUME SPIKE
108875769,CUST_000129,2026-06-20 10:04:00+00:00,ONLINE,3500.0,MERCH_SWEEP_2,TERM_SWEEP_2,1829,2836,6,10,SINGLE-SOURCE VOLUME SPIKE
69216916,CUST_000129,2026-06-20 10:06:00+00:00,POS_TERMINAL,3500.0,MERCH_SWEEP_3,TERM_SWEEP_3,1713,2723,6,10,SINGLE-SOURCE VOLUME SPIKE
45757424,CUST_000129,2026-06-20 10:08:00+00:00,ONLINE,3500.0,MERCH_SWEEP_4,TERM_SWEEP_4,480,2598,6,10,SINGLE-SOURCE VOLUME SPIKE
24328731,CUST_000129,2026-06-20 10:10:00+00:00,POS_TERMINAL,3500.0,MERCH_SWEEP_5,TERM_SWEEP_5,261,1929,6,10,SINGLE-SOURCE VOLUME SPIKE
67766730,CUST_000130,2026-06-20 10:02:00+00:00,POS_TERMINAL,3500.0,MERCH_SWEEP_1,TERM_SWEEP_1,1418,1719,6,10,SINGLE-SOURCE VOLUME SPIKE
98478251,CUST_000130,2026-06-20 10:04:00+00:00,ONLINE,3500.0,MERCH_SWEEP_2,TERM_SWEEP_2,1389,1707,6,10,SINGLE-SOURCE VOLUME SPIKE
108744425,CUST_000130,2026-06-20 10:06:00+00:00,POS_TERMINAL,3500.0,MERCH_SWEEP_3,TERM_SWEEP_3,1197,1696,6,10,SINGLE-SOURCE VOLUME SPIKE
36986274,CUST_000130,2026-06-20 10:08:00+00:00,ONLINE,3500.0,MERCH_SWEEP_4,TERM_SWEEP_4,944,1606,6,10,SINGLE-SOURCE VOLUME SPIKE
71856536,CUST_000130,2026-06-20 10:10:00+00:00,POS_TERMINAL,3500.0,MERCH_SWEEP_5,TERM_SWEEP_5,777,1426,6,10,SINGLE-SOURCE VOLUME SPIKE
32172077,CUST_000131,2026-06-20 10:02:00+00:00,POS_TERMINAL,3500.0,MERCH_SWEEP_1,TERM_SWEEP_1,2085,4293,6,10,SINGLE-SOURCE VOLUME SPIKE
21614146,CUST_000131,2026-06-20 10:04:00+00:00,ONLINE,3500.0,MERCH_SWEEP_2,TERM_SWEEP_2,2066,2869,6,10,SINGLE-SOURCE VOLUME SPIKE
72900386,CUST_000131,2026-06-20 10:06:00+00:00,POS_TERMINAL,3500.0,MERCH_SWEEP_3,TERM_SWEEP_3,1782,2467,6,10,SINGLE-SOURCE VOLUME SPIKE
93752886,CUST_000131,2026-06-20 10:08:00+00:00,ONLINE,3500.0,MERCH_SWEEP_4,TERM_SWEEP_4,1663,2382,6,10,SINGLE-SOURCE VOLUME SPIKE
47158339,CUST_000131,2026-06-20 10:10:00+00:00,POS_TERMINAL,3500.0,MERCH_SWEEP_5,TERM_SWEEP_5,799,2093,6,10,SINGLE-SOURCE VOLUME SPIKE
25159585,CUST_000132,2026-06-20 10:02:00+00:00,POS_TERMINAL,3500.0,MERCH_SWEEP_1,TERM_SWEEP_1,1658,3959,6,10,SINGLE-SOURCE VOLUME SPIKE
61182393,CUST_000132,2026-06-20 10:04:00+00:00,ONLINE,3500.0,MERCH_SWEEP_2,TERM_SWEEP_2,1419,3798,6,10,SINGLE-SOURCE VOLUME SPIKE
79612383,CUST_000132,2026-06-20 10:06:00+00:00,POS_TERMINAL,3500.0,MERCH_SWEEP_3,TERM_SWEEP_3,614,3738,6,10,SINGLE-SOURCE VOLUME SPIKE
96070047,CUST_000132,2026-06-20 10:08:00+00:00,ONLINE,3500.0,MERCH_SWEEP_4,TERM_SWEEP_4,161,3273,6,10,SINGLE-SOURCE VOLUME SPIKE
60504783,CUST_000132,2026-06-20 10:10:00+00:00,POS_TERMINAL,3500.0,MERCH_SWEEP_5,TERM_SWEEP_5,131,1666,6,10,SINGLE-SOURCE VOLUME SPIKE
34736307,CUST_000133,2026-06-20 10:02:00+00:00,POS_TERMINAL,3500.0,MERCH_SWEEP_1,TERM_SWEEP_1,2024,3081,6,10,SINGLE-SOURCE VOLUME SPIKE
67284484,CUST_000133,2026-06-20 10:04:00+00:00,ONLINE,3500.0,MERCH_SWEEP_2,TERM_SWEEP_2,1498,2881,6,10,SINGLE-SOURCE VOLUME SPIKE
37231988,CUST_000133,2026-06-20 10:06:00+00:00,POS_TERMINAL,3500.0,MERCH_SWEEP_3,TERM_SWEEP_3,1294,2410,6,10,SINGLE-SOURCE VOLUME SPIKE
66505818,CUST_000133,2026-06-20 10:08:00+00:00,ONLINE,3500.0,MERCH_SWEEP_4,TERM_SWEEP_4,665,2068,6,10,SINGLE-SOURCE VOLUME SPIKE
103395400,CUST_000133,2026-06-20 10:10:00+00:00,POS_TERMINAL,3500.0,MERCH_SWEEP_5,TERM_SWEEP_5,649,2032,6,10,SINGLE-SOURCE VOLUME SPIKE
62944893,CUST_000134,2026-06-20 10:02:00+00:00,POS_TERMINAL,3500.0,MERCH_SWEEP_1,TERM_SWEEP_1,1346,2341,6,10,SINGLE-SOURCE VOLUME SPIKE
35077306,CUST_000134,2026-06-20 10:04:00+00:00,ONLINE,3500.0,MERCH_SWEEP_2,TERM_SWEEP_2,1019,2031,6,10,SINGLE-SOURCE VOLUME SPIKE
53710988,CUST_000134,2026-06-20 10:06:00+00:00,POS_TERMINAL,3500.0,MERCH_SWEEP_3,TERM_SWEEP_3,668,1700,6,10,SINGLE-SOURCE VOLUME SPIKE
101819162,CUST_000134,2026-06-20 10:08:00+00:00,ONLINE,3500.0,MERCH_SWEEP_4,TERM_SWEEP_4,654,1447,6,10,SINGLE-SOURCE VOLUME SPIKE
47173530,CUST_000134,2026-06-20 10:10:00+00:00,POS_TERMINAL,3500.0,MERCH_SWEEP_5,TERM_SWEEP_5,413,1354,6,10,SINGLE-SOURCE VOLUME SPIKE
105699627,CUST_000135,2026-06-20 10:02:00+00:00,POS_TERMINAL,3500.0,MERCH_SWEEP_1,TERM_SWEEP_1,1440,2673,6,10,SINGLE-SOURCE VOLUME SPIKE
59986210,CUST_000135,2026-06-20 10:04:00+00:00,ONLINE,3500.0,MERCH_SWEEP_2,TERM_SWEEP_2,1278,2116,6,10,SINGLE-SOURCE VOLUME SPIKE
94885391,CUST_000135,2026-06-20 10:06:00+00:00,POS_TERMINAL,3500.0,MERCH_SWEEP_3,TERM_SWEEP_3,757,1939,6,10,SINGLE-SOURCE VOLUME SPIKE
70196421,CUST_000135,2026-06-20 10:08:00+00:00,ONLINE,3500.0,MERCH_SWEEP_4,TERM_SWEEP_4,739,1628,6,10,SINGLE-SOURCE VOLUME SPIKE
81866325,CUST_000135,2026-06-20 10:10:00+00:00,POS_TERMINAL,3500.0,MERCH_SWEEP_5,TERM_SWEEP_5,708,1448,6,10,SINGLE-SOURCE VOLUME SPIKE
87707022,CUST_000136,2026-06-20 10:02:00+00:00,POS_TERMINAL,3500.0,MERCH_SWEEP_1,TERM_SWEEP_1,2211,3907,6,10,SINGLE-SOURCE VOLUME SPIKE
47449971,CUST_000136,2026-06-20 10:04:00+00:00,ONLINE,3500.0,MERCH_SWEEP_2,TERM_SWEEP_2,1822,3295,6,10,SINGLE-SOURCE VOLUME SPIKE
55267146,CUST_000136,2026-06-20 10:06:00+00:00,POS_TERMINAL,3500.0,MERCH_SWEEP_3,TERM_SWEEP_3,1352,2885,6,10,SINGLE-SOURCE VOLUME SPIKE
57832156,CUST_000136,2026-06-20 10:08:00+00:00,ONLINE,3500.0,MERCH_SWEEP_4,TERM_SWEEP_4,539,2470,6,10,SINGLE-SOURCE VOLUME SPIKE
40434997,CUST_000136,2026-06-20 10:10:00+00:00,POS_TERMINAL,3500.0,MERCH_SWEEP_5,TERM_SWEEP_5,427,2219,6,10,SINGLE-SOURCE VOLUME SPIKE
77249754,CUST_000137,2026-06-20 10:02:00+00:00,POS_TERMINAL,3500.0,MERCH_SWEEP_1,TERM_SWEEP_1,1743,4447,5,10,SINGLE-SOURCE VOLUME SPIKE
79181344,CUST_000137,2026-06-20 10:04:00+00:00,ONLINE,3500.0,MERCH_SWEEP_2,TERM_SWEEP_2,1501,3184,5,10,SINGLE-SOURCE VOLUME SPIKE
21735190,CUST_000137,2026-06-20 10:06:00+00:00,POS_TERMINAL,3500.0,MERCH_SWEEP_3,TERM_SWEEP_3,1411,3052,6,10,SINGLE-SOURCE VOLUME SPIKE
28446256,CUST_000137,2026-06-20 10:08:00+00:00,ONLINE,3500.0,MERCH_SWEEP_4,TERM_SWEEP_4,754,2671,6,10,SINGLE-SOURCE VOLUME SPIKE
36655111,CUST_000137,2026-06-20 10:10:00+00:00,POS_TERMINAL,3500.0,MERCH_SWEEP_5,TERM_SWEEP_5,66,1751,6,10,SINGLE-SOURCE VOLUME SPIKE
82439626,CUST_000138,2026-06-20 10:02:00+00:00,POS_TERMINAL,3500.0,MERCH_SWEEP_1,TERM_SWEEP_1,3184,5464,6,10,SINGLE-SOURCE VOLUME SPIKE
76444272,CUST_000138,2026-06-20 10:04:00+00:00,ONLINE,3500.0,MERCH_SWEEP_2,TERM_SWEEP_2,2806,5118,6,10,SINGLE-SOURCE VOLUME SPIKE
64468920,CUST_000138,2026-06-20 10:06:00+00:00,POS_TERMINAL,3500.0,MERCH_SWEEP_3,TERM_SWEEP_3,2806,4201,6,10,SINGLE-SOURCE VOLUME SPIKE
98597267,CUST_000138,2026-06-20 10:08:00+00:00,ONLINE,3500.0,MERCH_SWEEP_4,TERM_SWEEP_4,2247,4086,6,10,SINGLE-SOURCE VOLUME SPIKE
66160347,CUST_000138,2026-06-20 10:10:00+00:00,POS_TERMINAL,3500.0,MERCH_SWEEP_5,TERM_SWEEP_5,144,3192,6,10,SINGLE-SOURCE VOLUME SPIKE
66975008,CUST_000139,2026-06-20 10:02:00+00:00,POS_TERMINAL,3500.0,MERCH_SWEEP_1,TERM_SWEEP_1,1968,3162,6,10,SINGLE-SOURCE VOLUME SPIKE
57311475,CUST_000139,2026-06-20 10:04:00+00:00,ONLINE,3500.0,MERCH_SWEEP_2,TERM_SWEEP_2,1223,2726,6,10,SINGLE-SOURCE VOLUME SPIKE
61735257,CUST_000139,2026-06-20 10:06:00+00:00,POS_TERMINAL,3500.0,MERCH_SWEEP_3,TERM_SWEEP_3,1016,2562,6,10,SINGLE-SOURCE VOLUME SPIKE
109505428,CUST_000139,2026-06-20 10:08:00+00:00,ONLINE,3500.0,MERCH_SWEEP_4,TERM_SWEEP_4,681,2211,6,10,SINGLE-SOURCE VOLUME SPIKE
62239834,CUST_000139,2026-06-20 10:10:00+00:00,POS_TERMINAL,3500.0,MERCH_SWEEP_5,TERM_SWEEP_5,125,1976,6,10,SINGLE-SOURCE VOLUME SPIKE
96503587,CUST_000140,2026-06-20 10:02:00+00:00,POS_TERMINAL,3500.0,MERCH_SWEEP_1,TERM_SWEEP_1,851,2128,6,10,SINGLE-SOURCE VOLUME SPIKE
74515658,CUST_000140,2026-06-20 10:04:00+00:00,ONLINE,3500.0,MERCH_SWEEP_2,TERM_SWEEP_2,750,1979,6,10,SINGLE-SOURCE VOLUME SPIKE
56222735,CUST_000140,2026-06-20 10:06:00+00:00,POS_TERMINAL,3500.0,MERCH_SWEEP_3,TERM_SWEEP_3,538,1074,6,10,SINGLE-SOURCE VOLUME SPIKE
58102091,CUST_000140,2026-06-20 10:08:00+00:00,ONLINE,3500.0,MERCH_SWEEP_4,TERM_SWEEP_4,237,931,6,10,SINGLE-SOURCE VOLUME SPIKE
42585845,CUST_000140,2026-06-20 10:10:00+00:00,POS_TERMINAL,3500.0,MERCH_SWEEP_5,TERM_SWEEP_5,32,859,6,10,SINGLE-SOURCE VOLUME SPIKE
80466476,CUST_000141,2026-06-20 10:02:00+00:00,POS_TERMINAL,3500.0,MERCH_SWEEP_1,TERM_SWEEP_1,2569,3817,6,9,SINGLE-SOURCE VOLUME SPIKE
91486515,CUST_000141,2026-06-20 10:04:00+00:00,ONLINE,3500.0,MERCH_SWEEP_2,TERM_SWEEP_2,2118,3724,6,9,SINGLE-SOURCE VOLUME SPIKE
105002810,CUST_000141,2026-06-20 10:06:00+00:00,POS_TERMINAL,3500.0,MERCH_SWEEP_3,TERM_SWEEP_3,1299,3288,6,9,SINGLE-SOURCE VOLUME SPIKE
33320895,CUST_000141,2026-06-20 10:08:00+00:00,ONLINE,3500.0,MERCH_SWEEP_4,TERM_SWEEP_4,806,2800,6,9,SINGLE-SOURCE VOLUME SPIKE
82985423,CUST_000141,2026-06-20 10:10:00+00:00,POS_TERMINAL,3500.0,MERCH_SWEEP_5,TERM_SWEEP_5,328,2577,6,9,SINGLE-SOURCE VOLUME SPIKE
84466665,CUST_000142,2026-06-20 10:02:00+00:00,POS_TERMINAL,3500.0,MERCH_SWEEP_1,TERM_SWEEP_1,2539,4216,6,10,SINGLE-SOURCE VOLUME SPIKE
28099060,CUST_000142,2026-06-20 10:04:00+00:00,ONLINE,3500.0,MERCH_SWEEP_2,TERM_SWEEP_2,2102,3648,6,10,SINGLE-SOURCE VOLUME SPIKE
64236089,CUST_000142,2026-06-20 10:06:00+00:00,POS_TERMINAL,3500.0,MERCH_SWEEP_3,TERM_SWEEP_3,2005,3021,6,10,SINGLE-SOURCE VOLUME SPIKE
41562952,CUST_000142,2026-06-20 10:08:00+00:00,ONLINE,3500.0,MERCH_SWEEP_4,TERM_SWEEP_4,1792,2973,6,10,SINGLE-SOURCE VOLUME SPIKE
21455216,CUST_000142,2026-06-20 10:10:00+00:00,POS_TERMINAL,3500.0,MERCH_SWEEP_5,TERM_SWEEP_5,988,2547,6,10,SINGLE-SOURCE VOLUME SPIKE
105158158,CUST_000143,2026-06-20 10:02:00+00:00,POS_TERMINAL,3500.0,MERCH_SWEEP_1,TERM_SWEEP_1,420,1032,6,10,SINGLE-SOURCE VOLUME SPIKE
29925927,CUST_000143,2026-06-20 10:04:00+00:00,ONLINE,3500.0,MERCH_SWEEP_2,TERM_SWEEP_2,385,881,6,10,SINGLE-SOURCE VOLUME SPIKE
54780795,CUST_000143,2026-06-20 10:06:00+00:00,POS_TERMINAL,3500.0,MERCH_SWEEP_3,TERM_SWEEP_3,363,515,6,10,SINGLE-SOURCE VOLUME SPIKE
43563908,CUST_000143,2026-06-20 10:08:00+00:00,ONLINE,3500.0,MERCH_SWEEP_4,TERM_SWEEP_4,335,506,6,10,SINGLE-SOURCE VOLUME SPIKE
93710104,CUST_000143,2026-06-20 10:10:00+00:00,POS_TERMINAL,3500.0,MERCH_SWEEP_5,TERM_SWEEP_5,189,428,6,10,SINGLE-SOURCE VOLUME SPIKE
70157008,CUST_000144,2026-06-20 10:02:00+00:00,POS_TERMINAL,3500.0,MERCH_SWEEP_1,TERM_SWEEP_1,2076,2426,5,10,SINGLE-SOURCE VOLUME SPIKE
54454485,CUST_000144,2026-06-20 10:04:00+00:00,ONLINE,3500.0,MERCH_SWEEP_2,TERM_SWEEP_2,1703,2270,6,10,SINGLE-SOURCE VOLUME SPIKE
29715102,CUST_000144,2026-06-20 10:06:00+00:00,POS_TERMINAL,3500.0,MERCH_SWEEP_3,TERM_SWEEP_3,1324,2265,6,10,SINGLE-SOURCE VOLUME SPIKE
81809077,CUST_000144,2026-06-20 10:08:00+00:00,ONLINE,3500.0,MERCH_SWEEP_4,TERM_SWEEP_4,954,2165,6,10,SINGLE-SOURCE VOLUME SPIKE
93668639,CUST_000144,2026-06-20 10:10:00+00:00,POS_TERMINAL,3500.0,MERCH_SWEEP_5,TERM_SWEEP_5,622,2084,6,10,SINGLE-SOURCE VOLUME SPIKE
93707799,CUST_000145,2026-06-20 10:02:00+00:00,POS_TERMINAL,3500.0,MERCH_SWEEP_1,TERM_SWEEP_1,2545,3791,6,10,SINGLE-SOURCE VOLUME SPIKE
92706957,CUST_000145,2026-06-20 10:04:00+00:00,ONLINE,3500.0,MERCH_SWEEP_2,TERM_SWEEP_2,2191,3626,6,10,SINGLE-SOURCE VOLUME SPIKE
40899038,CUST_000145,2026-06-20 10:06:00+00:00,POS_TERMINAL,3500.0,MERCH_SWEEP_3,TERM_SWEEP_3,2001,2991,6,10,SINGLE-SOURCE VOLUME SPIKE
75021381,CUST_000145,2026-06-20 10:08:00+00:00,ONLINE,3500.0,MERCH_SWEEP_4,TERM_SWEEP_4,1027,2563,6,10,SINGLE-SOURCE VOLUME SPIKE
28157020,CUST_000145,2026-06-20 10:10:00+00:00,POS_TERMINAL,3500.0,MERCH_SWEEP_5,TERM_SWEEP_5,936,2553,6,10,SINGLE-SOURCE VOLUME SPIKE
59181030,CUST_000146,2026-06-20 10:02:00+00:00,POS_TERMINAL,3500.0,MERCH_SWEEP_1,TERM_SWEEP_1,698,988,6,10,SINGLE-SOURCE VOLUME SPIKE
27490240,CUST_000146,2026-06-20 10:04:00+00:00,ONLINE,3500.0,MERCH_SWEEP_2,TERM_SWEEP_2,697,842,6,10,SINGLE-SOURCE VOLUME SPIKE
32284839,CUST_000146,2026-06-20 10:06:00+00:00,POS_TERMINAL,3500.0,MERCH_SWEEP_3,TERM_SWEEP_3,646,834,6,10,SINGLE-SOURCE VOLUME SPIKE
58112986,CUST_000146,2026-06-20 10:08:00+00:00,ONLINE,3500.0,MERCH_SWEEP_4,TERM_SWEEP_4,445,783,6,10,SINGLE-SOURCE VOLUME SPIKE
66336002,CUST_000146,2026-06-20 10:10:00+00:00,POS_TERMINAL,3500.0,MERCH_SWEEP_5,TERM_SWEEP_5,325,706,6,10,SINGLE-SOURCE VOLUME SPIKE
30754938,CUST_000147,2026-06-20 10:02:00+00:00,POS_TERMINAL,3500.0,MERCH_SWEEP_1,TERM_SWEEP_1,1666,2390,6,10,SINGLE-SOURCE VOLUME SPIKE
94927812,CUST_000147,2026-06-20 10:04:00+00:00,ONLINE,3500.0,MERCH_SWEEP_2,TERM_SWEEP_2,1413,2368,6,10,SINGLE-SOURCE VOLUME SPIKE
53395558,CUST_000147,2026-06-20 10:06:00+00:00,POS_TERMINAL,3500.0,MERCH_SWEEP_3,TERM_SWEEP_3,993,2328,6,10,SINGLE-SOURCE VOLUME SPIKE
97360330,CUST_000147,2026-06-20 10:08:00+00:00,ONLINE,3500.0,MERCH_SWEEP_4,TERM_SWEEP_4,787,2154,6,10,SINGLE-SOURCE VOLUME SPIKE
79131294,CUST_000147,2026-06-20 10:10:00+00:00,POS_TERMINAL,3500.0,MERCH_SWEEP_5,TERM_SWEEP_5,92,1674,6,10,SINGLE-SOURCE VOLUME SPIKE
61934623,CUST_000148,2026-06-20 10:02:00+00:00,POS_TERMINAL,3500.0,MERCH_SWEEP_1,TERM_SWEEP_1,1380,2571,6,9,SINGLE-SOURCE VOLUME SPIKE
42364745,CUST_000148,2026-06-20 10:04:00+00:00,ONLINE,3500.0,MERCH_SWEEP_2,TERM_SWEEP_2,1100,2411,6,9,SINGLE-SOURCE VOLUME SPIKE
103035795,CUST_000148,2026-06-20 10:06:00+00:00,POS_TERMINAL,3500.0,MERCH_SWEEP_3,TERM_SWEEP_3,721,2374,6,9,SINGLE-SOURCE VOLUME SPIKE
57302643,CUST_000148,2026-06-20 10:08:00+00:00,ONLINE,3500.0,MERCH_SWEEP_4,TERM_SWEEP_4,560,1636,6,9,SINGLE-SOURCE VOLUME SPIKE
67300967,CUST_000148,2026-06-20 10:10:00+00:00,POS_TERMINAL,3500.0,MERCH_SWEEP_5,TERM_SWEEP_5,397,1388,6,9,SINGLE-SOURCE VOLUME SPIKE
45882681,CUST_000149,2026-06-20 10:02:00+00:00,POS_TERMINAL,3500.0,MERCH_SWEEP_1,TERM_SWEEP_1,1550,3550,6,10,SINGLE-SOURCE VOLUME SPIKE
56531854,CUST_000149,2026-06-20 10:04:00+00:00,ONLINE,3500.0,MERCH_SWEEP_2,TERM_SWEEP_2,1316,3261,6,10,SINGLE-SOURCE VOLUME SPIKE
39862096,CUST_000149,2026-06-20 10:06:00+00:00,POS_TERMINAL,3500.0,MERCH_SWEEP_3,TERM_SWEEP_3,1138,3245,6,10,SINGLE-SOURCE VOLUME SPIKE
100156066,CUST_000149,2026-06-20 10:08:00+00:00,ONLINE,3500.0,MERCH_SWEEP_4,TERM_SWEEP_4,912,2993,6,10,SINGLE-SOURCE VOLUME SPIKE
71401501,CUST_000149,2026-06-20 10:10:00+00:00,POS_TERMINAL,3500.0,MERCH_SWEEP_5,TERM_SWEEP_5,386,1558,6,10,SINGLE-SOURCE VOLUME SPIKE
102298485,CUST_000150,2026-06-20 10:02:00+00:00,POS_TERMINAL,3500.0,MERCH_SWEEP_1,TERM_SWEEP_1,642,2386,6,10,SINGLE-SOURCE VOLUME SPIKE
80960571,CUST_000150,2026-06-20 10:04:00+00:00,ONLINE,3500.0,MERCH_SWEEP_2,TERM_SWEEP_2,449,2187,6,10,SINGLE-SOURCE VOLUME SPIKE
77172856,CUST_000150,2026-06-20 10:06:00+00:00,POS_TERMINAL,3500.0,MERCH_SWEEP_3,TERM_SWEEP_3,295,1689,6,10,SINGLE-SOURCE VOLUME SPIKE
27883233,CUST_000150,2026-06-20 10:08:00+00:00,ONLINE,3500.0,MERCH_SWEEP_4,TERM_SWEEP_4,235,782,6,10,SINGLE-SOURCE VOLUME SPIKE
45330231,CUST_000150,2026-06-20 10:10:00+00:00,POS_TERMINAL,3500.0,MERCH_SWEEP_5,TERM_SWEEP_5,225,650,6,10,SINGLE-SOURCE VOLUME SPIKE
116228916,CUST_000201,2026-06-21 14:01:00+00:00,ONLINE,8500.0,MERCH_BURST_1,TERM_SMASH_1,1361,2400,6,10,SINGLE-SOURCE VOLUME SPIKE
93111576,CUST_000201,2026-06-21 14:02:00+00:00,POS_TERMINAL,8500.0,MERCH_BURST_2,TERM_SMASH_2,1106,2078,6,10,SINGLE-SOURCE VOLUME SPIKE
85204835,CUST_000201,2026-06-21 14:03:00+00:00,ONLINE,8500.0,MERCH_BURST_3,TERM_SMASH_3,785,1832,6,10,SINGLE-SOURCE VOLUME SPIKE
33896277,CUST_000201,2026-06-21 14:04:00+00:00,POS_TERMINAL,8500.0,MERCH_BURST_4,TERM_SMASH_4,581,1367,6,10,SINGLE-SOURCE VOLUME SPIKE
88854648,CUST_000201,2026-06-21 14:05:00+00:00,ONLINE,8500.0,MERCH_BURST_5,TERM_SMASH_5,100,1365,6,10,SINGLE-SOURCE VOLUME SPIKE
108154626,CUST_000201,2026-06-21 14:06:00+00:00,POS_TERMINAL,8500.0,MERCH_BURST_6,TERM_SMASH_6,5,1110,6,10,CNPP MERCHANT SWEEP
38674904,CUST_000201,2026-06-21 14:07:00+00:00,ONLINE,8500.0,MERCH_BURST_7,TERM_SMASH_7,5,789,6,10,CNPP MERCHANT SWEEP
68149964,CUST_000201,2026-06-21 14:08:00+00:00,POS_TERMINAL,8500.0,MERCH_BURST_8,TERM_SMASH_8,5,585,6,10,CNPP MERCHANT SWEEP
84787332,CUST_000202,2026-06-21 14:01:00+00:00,ONLINE,8500.0,MERCH_BURST_1,TERM_SMASH_1,1054,3314,6,10,SINGLE-SOURCE VOLUME SPIKE
54881660,CUST_000202,2026-06-21 14:02:00+00:00,POS_TERMINAL,8500.0,MERCH_BURST_2,TERM_SMASH_2,544,3230,6,10,SINGLE-SOURCE VOLUME SPIKE
65386450,CUST_000202,2026-06-21 14:03:00+00:00,ONLINE,8500.0,MERCH_BURST_3,TERM_SMASH_3,541,2700,6,10,SINGLE-SOURCE VOLUME SPIKE
105695736,CUST_000202,2026-06-21 14:04:00+00:00,POS_TERMINAL,8500.0,MERCH_BURST_4,TERM_SMASH_4,291,1218,6,10,SINGLE-SOURCE VOLUME SPIKE
56095328,CUST_000202,2026-06-21 14:05:00+00:00,ONLINE,8500.0,MERCH_BURST_5,TERM_SMASH_5,119,1058,6,10,SINGLE-SOURCE VOLUME SPIKE
46256737,CUST_000202,2026-06-21 14:06:00+00:00,POS_TERMINAL,8500.0,MERCH_BURST_6,TERM_SMASH_6,5,548,6,10,CNPP MERCHANT SWEEP
55410351,CUST_000202,2026-06-21 14:07:00+00:00,ONLINE,8500.0,MERCH_BURST_7,TERM_SMASH_7,5,545,6,10,CNPP MERCHANT SWEEP
64947769,CUST_000202,2026-06-21 14:08:00+00:00,POS_TERMINAL,8500.0,MERCH_BURST_8,TERM_SMASH_8,5,295,6,10,CNPP MERCHANT SWEEP
40922745,CUST_000203,2026-06-21 14:01:00+00:00,ONLINE,8500.0,MERCH_BURST_1,TERM_SMASH_1,585,2322,6,10,SINGLE-SOURCE VOLUME SPIKE
111975148,CUST_000203,2026-06-21 14:02:00+00:00,POS_TERMINAL,8500.0,MERCH_BURST_2,TERM_SMASH_2,575,2176,6,10,SINGLE-SOURCE VOLUME SPIKE
37637669,CUST_000203,2026-06-21 14:03:00+00:00,ONLINE,8500.0,MERCH_BURST_3,TERM_SMASH_3,121,2167,6,10,SINGLE-SOURCE VOLUME SPIKE
45624809,CUST_000203,2026-06-21 14:04:00+00:00,POS_TERMINAL,8500.0,MERCH_BURST_4,TERM_SMASH_4,106,1351,6,10,SINGLE-SOURCE VOLUME SPIKE
97266444,CUST_000203,2026-06-21 14:05:00+00:00,ONLINE,8500.0,MERCH_BURST_5,TERM_SMASH_5,65,589,6,10,SINGLE-SOURCE VOLUME SPIKE
60730654,CUST_000203,2026-06-21 14:06:00+00:00,POS_TERMINAL,8500.0,MERCH_BURST_6,TERM_SMASH_6,5,579,6,10,CNPP MERCHANT SWEEP
80516967,CUST_000203,2026-06-21 14:07:00+00:00,ONLINE,8500.0,MERCH_BURST_7,TERM_SMASH_7,5,125,6,10,CNPP MERCHANT SWEEP
72602300,CUST_000203,2026-06-21 14:08:00+00:00,POS_TERMINAL,8500.0,MERCH_BURST_8,TERM_SMASH_8,5,110,6,10,CNPP MERCHANT SWEEP
83696073,CUST_000204,2026-06-21 14:01:00+00:00,ONLINE,8500.0,MERCH_BURST_1,TERM_SMASH_1,1858,3552,6,10,SINGLE-SOURCE VOLUME SPIKE
109544177,CUST_000204,2026-06-21 14:02:00+00:00,POS_TERMINAL,8500.0,MERCH_BURST_2,TERM_SMASH_2,1822,3269,6,10,SINGLE-SOURCE VOLUME SPIKE
65048366,CUST_000204,2026-06-21 14:03:00+00:00,ONLINE,8500.0,MERCH_BURST_3,TERM_SMASH_3,1570,3217,6,10,SINGLE-SOURCE VOLUME SPIKE
73732896,CUST_000204,2026-06-21 14:04:00+00:00,POS_TERMINAL,8500.0,MERCH_BURST_4,TERM_SMASH_4,855,1917,6,10,SINGLE-SOURCE VOLUME SPIKE
82711104,CUST_000204,2026-06-21 14:05:00+00:00,ONLINE,8500.0,MERCH_BURST_5,TERM_SMASH_5,827,1862,6,10,SINGLE-SOURCE VOLUME SPIKE
104533211,CUST_000204,2026-06-21 14:06:00+00:00,POS_TERMINAL,8500.0,MERCH_BURST_6,TERM_SMASH_6,5,1826,6,10,CNPP MERCHANT SWEEP
118070655,CUST_000204,2026-06-21 14:07:00+00:00,ONLINE,8500.0,MERCH_BURST_7,TERM_SMASH_7,5,1574,6,10,CNPP MERCHANT SWEEP
113268656,CUST_000204,2026-06-21 14:08:00+00:00,POS_TERMINAL,8500.0,MERCH_BURST_8,TERM_SMASH_8,5,859,6,10,CNPP MERCHANT SWEEP
94491581,CUST_000205,2026-06-21 14:01:00+00:00,ONLINE,8500.0,MERCH_BURST_1,TERM_SMASH_1,2253,5274,6,10,SINGLE-SOURCE VOLUME SPIKE
30163093,CUST_000205,2026-06-21 14:02:00+00:00,POS_TERMINAL,8500.0,MERCH_BURST_2,TERM_SMASH_2,2217,4853,6,10,SINGLE-SOURCE VOLUME SPIKE
92515618,CUST_000205,2026-06-21 14:03:00+00:00,ONLINE,8500.0,MERCH_BURST_3,TERM_SMASH_3,1805,4743,6,10,SINGLE-SOURCE VOLUME SPIKE
89726827,CUST_000205,2026-06-21 14:04:00+00:00,POS_TERMINAL,8500.0,MERCH_BURST_4,TERM_SMASH_4,1583,4328,6,10,SINGLE-SOURCE VOLUME SPIKE
30611420,CUST_000205,2026-06-21 14:05:00+00:00,ONLINE,8500.0,MERCH_BURST_5,TERM_SMASH_5,455,2257,6,10,SINGLE-SOURCE VOLUME SPIKE
116819472,CUST_000205,2026-06-21 14:06:00+00:00,POS_TERMINAL,8500.0,MERCH_BURST_6,TERM_SMASH_6,5,2221,6,10,CNPP MERCHANT SWEEP
79861469,CUST_000205,2026-06-21 14:07:00+00:00,ONLINE,8500.0,MERCH_BURST_7,TERM_SMASH_7,5,1809,6,10,CNPP MERCHANT SWEEP
93840601,CUST_000205,2026-06-21 14:08:00+00:00,POS_TERMINAL,8500.0,MERCH_BURST_8,TERM_SMASH_8,5,1587,6,10,CNPP MERCHANT SWEEP
101277615,CUST_000206,2026-06-21 14:01:00+00:00,ONLINE,8500.0,MERCH_BURST_1,TERM_SMASH_1,2061,3022,6,10,SINGLE-SOURCE VOLUME SPIKE
54622886,CUST_000206,2026-06-21 14:02:00+00:00,POS_TERMINAL,8500.0,MERCH_BURST_2,TERM_SMASH_2,1633,2995,6,10,SINGLE-SOURCE VOLUME SPIKE
76163660,CUST_000206,2026-06-21 14:03:00+00:00,ONLINE,8500.0,MERCH_BURST_3,TERM_SMASH_3,1459,2592,6,10,SINGLE-SOURCE VOLUME SPIKE
96653602,CUST_000206,2026-06-21 14:04:00+00:00,POS_TERMINAL,8500.0,MERCH_BURST_4,TERM_SMASH_4,1388,2100,6,10,SINGLE-SOURCE VOLUME SPIKE
74562789,CUST_000206,2026-06-21 14:05:00+00:00,ONLINE,8500.0,MERCH_BURST_5,TERM_SMASH_5,697,2065,6,10,SINGLE-SOURCE VOLUME SPIKE
67242192,CUST_000206,2026-06-21 14:06:00+00:00,POS_TERMINAL,8500.0,MERCH_BURST_6,TERM_SMASH_6,5,1637,6,10,CNPP MERCHANT SWEEP
83403503,CUST_000206,2026-06-21 14:07:00+00:00,ONLINE,8500.0,MERCH_BURST_7,TERM_SMASH_7,5,1463,6,10,CNPP MERCHANT SWEEP
44530409,CUST_000206,2026-06-21 14:08:00+00:00,POS_TERMINAL,8500.0,MERCH_BURST_8,TERM_SMASH_8,5,1392,6,10,CNPP MERCHANT SWEEP
42941883,CUST_000207,2026-06-21 14:01:00+00:00,ONLINE,8500.0,MERCH_BURST_1,TERM_SMASH_1,2482,5950,6,10,SINGLE-SOURCE VOLUME SPIKE
42450656,CUST_000207,2026-06-21 14:02:00+00:00,POS_TERMINAL,8500.0,MERCH_BURST_2,TERM_SMASH_2,2151,5157,6,10,SINGLE-SOURCE VOLUME SPIKE
70552391,CUST_000207,2026-06-21 14:03:00+00:00,ONLINE,8500.0,MERCH_BURST_3,TERM_SMASH_3,2041,4371,6,10,SINGLE-SOURCE VOLUME SPIKE
37779662,CUST_000207,2026-06-21 14:04:00+00:00,POS_TERMINAL,8500.0,MERCH_BURST_4,TERM_SMASH_4,1097,3981,6,10,SINGLE-SOURCE VOLUME SPIKE
64029173,CUST_000207,2026-06-21 14:05:00+00:00,ONLINE,8500.0,MERCH_BURST_5,TERM_SMASH_5,1065,2486,6,10,SINGLE-SOURCE VOLUME SPIKE
83436133,CUST_000207,2026-06-21 14:06:00+00:00,POS_TERMINAL,8500.0,MERCH_BURST_6,TERM_SMASH_6,5,2155,6,10,CNPP MERCHANT SWEEP
71585810,CUST_000207,2026-06-21 14:07:00+00:00,ONLINE,8500.0,MERCH_BURST_7,TERM_SMASH_7,5,2045,6,10,CNPP MERCHANT SWEEP
61266491,CUST_000207,2026-06-21 14:08:00+00:00,POS_TERMINAL,8500.0,MERCH_BURST_8,TERM_SMASH_8,5,1101,6,10,CNPP MERCHANT SWEEP
110684568,CUST_000208,2026-06-21 14:01:00+00:00,ONLINE,8500.0,MERCH_BURST_1,TERM_SMASH_1,1990,2761,6,10,SINGLE-SOURCE VOLUME SPIKE
65284839,CUST_000208,2026-06-21 14:02:00+00:00,POS_TERMINAL,8500.0,MERCH_BURST_2,TERM_SMASH_2,1081,2500,6,10,SINGLE-SOURCE VOLUME SPIKE
51554353,CUST_000208,2026-06-21 14:03:00+00:00,ONLINE,8500.0,MERCH_BURST_3,TERM_SMASH_3,995,2321,6,10,SINGLE-SOURCE VOLUME SPIKE
45153199,CUST_000208,2026-06-21 14:04:00+00:00,POS_TERMINAL,8500.0,MERCH_BURST_4,TERM_SMASH_4,384,2132,6,10,SINGLE-SOURCE VOLUME SPIKE
33241043,CUST_000208,2026-06-21 14:05:00+00:00,ONLINE,8500.0,MERCH_BURST_5,TERM_SMASH_5,314,1994,6,10,SINGLE-SOURCE VOLUME SPIKE
95879417,CUST_000208,2026-06-21 14:06:00+00:00,POS_TERMINAL,8500.0,MERCH_BURST_6,TERM_SMASH_6,5,1085,6,10,CNPP MERCHANT SWEEP
41722236,CUST_000208,2026-06-21 14:07:00+00:00,ONLINE,8500.0,MERCH_BURST_7,TERM_SMASH_7,5,999,6,10,CNPP MERCHANT SWEEP
70950547,CUST_000208,2026-06-21 14:08:00+00:00,POS_TERMINAL,8500.0,MERCH_BURST_8,TERM_SMASH_8,5,388,6,10,CNPP MERCHANT SWEEP
114431182,CUST_000209,2026-06-21 14:01:00+00:00,ONLINE,8500.0,MERCH_BURST_1,TERM_SMASH_1,1338,2410,6,10,SINGLE-SOURCE VOLUME SPIKE
109911100,CUST_000209,2026-06-21 14:02:00+00:00,POS_TERMINAL,8500.0,MERCH_BURST_2,TERM_SMASH_2,944,2212,6,10,SINGLE-SOURCE VOLUME SPIKE
60504862,CUST_000209,2026-06-21 14:03:00+00:00,ONLINE,8500.0,MERCH_BURST_3,TERM_SMASH_3,724,2019,6,10,SINGLE-SOURCE VOLUME SPIKE
87157310,CUST_000209,2026-06-21 14:04:00+00:00,POS_TERMINAL,8500.0,MERCH_BURST_4,TERM_SMASH_4,590,1475,6,10,SINGLE-SOURCE VOLUME SPIKE
41223820,CUST_000209,2026-06-21 14:05:00+00:00,ONLINE,8500.0,MERCH_BURST_5,TERM_SMASH_5,112,1342,6,10,SINGLE-SOURCE VOLUME SPIKE
104420618,CUST_000209,2026-06-21 14:06:00+00:00,POS_TERMINAL,8500.0,MERCH_BURST_6,TERM_SMASH_6,5,948,6,10,CNPP MERCHANT SWEEP
39851584,CUST_000209,2026-06-21 14:07:00+00:00,ONLINE,8500.0,MERCH_BURST_7,TERM_SMASH_7,5,728,6,10,CNPP MERCHANT SWEEP
67560840,CUST_000209,2026-06-21 14:08:00+00:00,POS_TERMINAL,8500.0,MERCH_BURST_8,TERM_SMASH_8,5,594,6,10,CNPP MERCHANT SWEEP
83811830,CUST_000210,2026-06-21 14:01:00+00:00,ONLINE,8500.0,MERCH_BURST_1,TERM_SMASH_1,1701,1957,5,10,SINGLE-SOURCE VOLUME SPIKE
46126412,CUST_000210,2026-06-21 14:02:00+00:00,POS_TERMINAL,8500.0,MERCH_BURST_2,TERM_SMASH_2,1642,1915,5,10,SINGLE-SOURCE VOLUME SPIKE
59219446,CUST_000210,2026-06-21 14:03:00+00:00,ONLINE,8500.0,MERCH_BURST_3,TERM_SMASH_3,1132,1857,5,10,SINGLE-SOURCE VOLUME SPIKE
43203682,CUST_000210,2026-06-21 14:04:00+00:00,POS_TERMINAL,8500.0,MERCH_BURST_4,TERM_SMASH_4,791,1836,5,10,SINGLE-SOURCE VOLUME SPIKE
58828993,CUST_000210,2026-06-21 14:05:00+00:00,ONLINE,8500.0,MERCH_BURST_5,TERM_SMASH_5,71,1705,5,10,SINGLE-SOURCE VOLUME SPIKE
59911922,CUST_000210,2026-06-21 14:06:00+00:00,POS_TERMINAL,8500.0,MERCH_BURST_6,TERM_SMASH_6,5,1646,6,10,CNPP MERCHANT SWEEP
119693144,CUST_000210,2026-06-21 14:07:00+00:00,ONLINE,8500.0,MERCH_BURST_7,TERM_SMASH_7,5,1136,6,10,CNPP MERCHANT SWEEP
86667123,CUST_000210,2026-06-21 14:08:00+00:00,POS_TERMINAL,8500.0,MERCH_BURST_8,TERM_SMASH_8,5,795,6,10,CNPP MERCHANT SWEEP
56665169,CUST_000211,2026-06-21 14:01:00+00:00,ONLINE,8500.0,MERCH_BURST_1,TERM_SMASH_1,1796,2857,6,9,SINGLE-SOURCE VOLUME SPIKE
80370185,CUST_000211,2026-06-21 14:02:00+00:00,POS_TERMINAL,8500.0,MERCH_BURST_2,TERM_SMASH_2,1709,2554,6,10,SINGLE-SOURCE VOLUME SPIKE
36922628,CUST_000211,2026-06-21 14:03:00+00:00,ONLINE,8500.0,MERCH_BURST_3,TERM_SMASH_3,1208,2240,6,10,SINGLE-SOURCE VOLUME SPIKE
42900728,CUST_000211,2026-06-21 14:04:00+00:00,POS_TERMINAL,8500.0,MERCH_BURST_4,TERM_SMASH_4,1183,2204,6,10,SINGLE-SOURCE VOLUME SPIKE
119967159,CUST_000211,2026-06-21 14:05:00+00:00,ONLINE,8500.0,MERCH_BURST_5,TERM_SMASH_5,1104,1800,6,10,SINGLE-SOURCE VOLUME SPIKE
63448205,CUST_000211,2026-06-21 14:06:00+00:00,POS_TERMINAL,8500.0,MERCH_BURST_6,TERM_SMASH_6,5,1713,6,10,CNPP MERCHANT SWEEP
80708634,CUST_000211,2026-06-21 14:07:00+00:00,ONLINE,8500.0,MERCH_BURST_7,TERM_SMASH_7,5,1212,6,10,CNPP MERCHANT SWEEP
115291809,CUST_000211,2026-06-21 14:08:00+00:00,POS_TERMINAL,8500.0,MERCH_BURST_8,TERM_SMASH_8,5,1187,6,10,CNPP MERCHANT SWEEP
34238359,CUST_000212,2026-06-21 14:01:00+00:00,ONLINE,8500.0,MERCH_BURST_1,TERM_SMASH_1,2373,3273,6,10,SINGLE-SOURCE VOLUME SPIKE
59804076,CUST_000212,2026-06-21 14:02:00+00:00,POS_TERMINAL,8500.0,MERCH_BURST_2,TERM_SMASH_2,2203,2856,6,10,SINGLE-SOURCE VOLUME SPIKE
54413570,CUST_000212,2026-06-21 14:03:00+00:00,ONLINE,8500.0,MERCH_BURST_3,TERM_SMASH_3,1682,2597,6,10,SINGLE-SOURCE VOLUME SPIKE
113108698,CUST_000212,2026-06-21 14:04:00+00:00,POS_TERMINAL,8500.0,MERCH_BURST_4,TERM_SMASH_4,1250,2426,6,10,SINGLE-SOURCE VOLUME SPIKE
67967219,CUST_000212,2026-06-21 14:05:00+00:00,ONLINE,8500.0,MERCH_BURST_5,TERM_SMASH_5,405,2377,6,10,SINGLE-SOURCE VOLUME SPIKE
46862127,CUST_000212,2026-06-21 14:06:00+00:00,POS_TERMINAL,8500.0,MERCH_BURST_6,TERM_SMASH_6,5,2207,6,10,CNPP MERCHANT SWEEP
99250850,CUST_000212,2026-06-21 14:07:00+00:00,ONLINE,8500.0,MERCH_BURST_7,TERM_SMASH_7,5,1686,6,10,CNPP MERCHANT SWEEP
51356240,CUST_000212,2026-06-21 14:08:00+00:00,POS_TERMINAL,8500.0,MERCH_BURST_8,TERM_SMASH_8,5,1254,6,10,CNPP MERCHANT SWEEP
112549959,CUST_000213,2026-06-21 14:01:00+00:00,ONLINE,8500.0,MERCH_BURST_1,TERM_SMASH_1,1736,3570,6,10,SINGLE-SOURCE VOLUME SPIKE
99895573,CUST_000213,2026-06-21 14:02:00+00:00,POS_TERMINAL,8500.0,MERCH_BURST_2,TERM_SMASH_2,1524,2736,6,10,SINGLE-SOURCE VOLUME SPIKE
60699251,CUST_000213,2026-06-21 14:03:00+00:00,ONLINE,8500.0,MERCH_BURST_3,TERM_SMASH_3,793,2562,6,10,SINGLE-SOURCE VOLUME SPIKE
64640692,CUST_000213,2026-06-21 14:04:00+00:00,POS_TERMINAL,8500.0,MERCH_BURST_4,TERM_SMASH_4,724,2262,6,10,SINGLE-SOURCE VOLUME SPIKE
56329527,CUST_000213,2026-06-21 14:05:00+00:00,ONLINE,8500.0,MERCH_BURST_5,TERM_SMASH_5,468,1740,6,10,SINGLE-SOURCE VOLUME SPIKE
81925715,CUST_000213,2026-06-21 14:06:00+00:00,POS_TERMINAL,8500.0,MERCH_BURST_6,TERM_SMASH_6,5,1528,6,10,CNPP MERCHANT SWEEP
72747035,CUST_000213,2026-06-21 14:07:00+00:00,ONLINE,8500.0,MERCH_BURST_7,TERM_SMASH_7,5,797,6,10,CNPP MERCHANT SWEEP
92924624,CUST_000213,2026-06-21 14:08:00+00:00,POS_TERMINAL,8500.0,MERCH_BURST_8,TERM_SMASH_8,5,728,6,10,CNPP MERCHANT SWEEP
110895428,CUST_000214,2026-06-21 14:01:00+00:00,ONLINE,8500.0,MERCH_BURST_1,TERM_SMASH_1,1199,2642,6,10,SINGLE-SOURCE VOLUME SPIKE
98630023,CUST_000214,2026-06-21 14:02:00+00:00,POS_TERMINAL,8500.0,MERCH_BURST_2,TERM_SMASH_2,1101,1899,6,10,SINGLE-SOURCE VOLUME SPIKE
74978833,CUST_000214,2026-06-21 14:03:00+00:00,ONLINE,8500.0,MERCH_BURST_3,TERM_SMASH_3,943,1581,6,10,SINGLE-SOURCE VOLUME SPIKE
111985848,CUST_000214,2026-06-21 14:04:00+00:00,POS_TERMINAL,8500.0,MERCH_BURST_4,TERM_SMASH_4,860,1401,6,10,SINGLE-SOURCE VOLUME SPIKE
93916120,CUST_000214,2026-06-21 14:05:00+00:00,ONLINE,8500.0,MERCH_BURST_5,TERM_SMASH_5,426,1203,6,10,SINGLE-SOURCE VOLUME SPIKE
103482478,CUST_000214,2026-06-21 14:06:00+00:00,POS_TERMINAL,8500.0,MERCH_BURST_6,TERM_SMASH_6,5,1105,6,10,CNPP MERCHANT SWEEP
59544247,CUST_000214,2026-06-21 14:07:00+00:00,ONLINE,8500.0,MERCH_BURST_7,TERM_SMASH_7,5,947,6,10,CNPP MERCHANT SWEEP
115427930,CUST_000214,2026-06-21 14:08:00+00:00,POS_TERMINAL,8500.0,MERCH_BURST_8,TERM_SMASH_8,5,864,6,10,CNPP MERCHANT SWEEP
85465345,CUST_000215,2026-06-21 14:01:00+00:00,ONLINE,8500.0,MERCH_BURST_1,TERM_SMASH_1,1833,3529,6,10,SINGLE-SOURCE VOLUME SPIKE
50719852,CUST_000215,2026-06-21 14:02:00+00:00,POS_TERMINAL,8500.0,MERCH_BURST_2,TERM_SMASH_2,1613,3479,6,10,SINGLE-SOURCE VOLUME SPIKE
54083430,CUST_000215,2026-06-21 14:03:00+00:00,ONLINE,8500.0,MERCH_BURST_3,TERM_SMASH_3,793,2236,6,10,SINGLE-SOURCE VOLUME SPIKE
110540168,CUST_000215,2026-06-21 14:04:00+00:00,POS_TERMINAL,8500.0,MERCH_BURST_4,TERM_SMASH_4,160,2131,6,10,SINGLE-SOURCE VOLUME SPIKE
45800675,CUST_000215,2026-06-21 14:05:00+00:00,ONLINE,8500.0,MERCH_BURST_5,TERM_SMASH_5,87,1837,6,10,SINGLE-SOURCE VOLUME SPIKE
68663480,CUST_000215,2026-06-21 14:06:00+00:00,POS_TERMINAL,8500.0,MERCH_BURST_6,TERM_SMASH_6,5,1617,6,10,CNPP MERCHANT SWEEP
34827780,CUST_000215,2026-06-21 14:07:00+00:00,ONLINE,8500.0,MERCH_BURST_7,TERM_SMASH_7,5,797,6,10,CNPP MERCHANT SWEEP
73767795,CUST_000215,2026-06-21 14:08:00+00:00,POS_TERMINAL,8500.0,MERCH_BURST_8,TERM_SMASH_8,5,164,6,10,CNPP MERCHANT SWEEP
56490434,CUST_000216,2026-06-21 14:01:00+00:00,ONLINE,8500.0,MERCH_BURST_1,TERM_SMASH_1,1349,4174,5,9,SINGLE-SOURCE VOLUME SPIKE
82440439,CUST_000216,2026-06-21 14:02:00+00:00,POS_TERMINAL,8500.0,MERCH_BURST_2,TERM_SMASH_2,1130,3297,5,9,SINGLE-SOURCE VOLUME SPIKE
83708745,CUST_000216,2026-06-21 14:03:00+00:00,ONLINE,8500.0,MERCH_BURST_3,TERM_SMASH_3,826,2916,5,9,SINGLE-SOURCE VOLUME SPIKE
45049635,CUST_000216,2026-06-21 14:04:00+00:00,POS_TERMINAL,8500.0,MERCH_BURST_4,TERM_SMASH_4,605,2343,5,9,SINGLE-SOURCE VOLUME SPIKE
34233697,CUST_000216,2026-06-21 14:05:00+00:00,ONLINE,8500.0,MERCH_BURST_5,TERM_SMASH_5,357,1353,6,9,SINGLE-SOURCE VOLUME SPIKE
108141979,CUST_000216,2026-06-21 14:06:00+00:00,POS_TERMINAL,8500.0,MERCH_BURST_6,TERM_SMASH_6,5,1134,6,9,CNPP MERCHANT SWEEP
41183595,CUST_000216,2026-06-21 14:07:00+00:00,ONLINE,8500.0,MERCH_BURST_7,TERM_SMASH_7,5,830,6,10,CNPP MERCHANT SWEEP
95941439,CUST_000216,2026-06-21 14:08:00+00:00,POS_TERMINAL,8500.0,MERCH_BURST_8,TERM_SMASH_8,5,609,6,10,CNPP MERCHANT SWEEP
96902071,CUST_000217,2026-06-21 14:01:00+00:00,ONLINE,8500.0,MERCH_BURST_1,TERM_SMASH_1,1090,2575,6,10,SINGLE-SOURCE VOLUME SPIKE
30172077,CUST_000217,2026-06-21 14:02:00+00:00,POS_TERMINAL,8500.0,MERCH_BURST_2,TERM_SMASH_2,759,2003,6,10,SINGLE-SOURCE VOLUME SPIKE
87884939,CUST_000217,2026-06-21 14:03:00+00:00,ONLINE,8500.0,MERCH_BURST_3,TERM_SMASH_3,667,1830,6,10,SINGLE-SOURCE VOLUME SPIKE
100396043,CUST_000217,2026-06-21 14:04:00+00:00,POS_TERMINAL,8500.0,MERCH_BURST_4,TERM_SMASH_4,141,1441,6,10,SINGLE-SOURCE VOLUME SPIKE
71107094,CUST_000217,2026-06-21 14:05:00+00:00,ONLINE,8500.0,MERCH_BURST_5,TERM_SMASH_5,88,1094,6,10,SINGLE-SOURCE VOLUME SPIKE
57417709,CUST_000217,2026-06-21 14:06:00+00:00,POS_TERMINAL,8500.0,MERCH_BURST_6,TERM_SMASH_6,5,763,6,10,CNPP MERCHANT SWEEP
80673688,CUST_000217,2026-06-21 14:07:00+00:00,ONLINE,8500.0,MERCH_BURST_7,TERM_SMASH_7,5,671,6,10,CNPP MERCHANT SWEEP
44568813,CUST_000217,2026-06-21 14:08:00+00:00,POS_TERMINAL,8500.0,MERCH_BURST_8,TERM_SMASH_8,5,145,6,10,CNPP MERCHANT SWEEP
39265651,CUST_000218,2026-06-21 14:01:00+00:00,ONLINE,8500.0,MERCH_BURST_1,TERM_SMASH_1,2966,4004,6,10,SINGLE-SOURCE VOLUME SPIKE
61850642,CUST_000218,2026-06-21 14:02:00+00:00,POS_TERMINAL,8500.0,MERCH_BURST_2,TERM_SMASH_2,2381,3424,6,10,SINGLE-SOURCE VOLUME SPIKE
109539231,CUST_000218,2026-06-21 14:03:00+00:00,ONLINE,8500.0,MERCH_BURST_3,TERM_SMASH_3,1795,3138,6,10,SINGLE-SOURCE VOLUME SPIKE
82169803,CUST_000218,2026-06-21 14:04:00+00:00,POS_TERMINAL,8500.0,MERCH_BURST_4,TERM_SMASH_4,1642,3079,6,10,SINGLE-SOURCE VOLUME SPIKE
46849088,CUST_000218,2026-06-21 14:05:00+00:00,ONLINE,8500.0,MERCH_BURST_5,TERM_SMASH_5,584,2970,6,10,SINGLE-SOURCE VOLUME SPIKE
96891688,CUST_000218,2026-06-21 14:06:00+00:00,POS_TERMINAL,8500.0,MERCH_BURST_6,TERM_SMASH_6,5,2385,6,10,CNPP MERCHANT SWEEP
77850563,CUST_000218,2026-06-21 14:07:00+00:00,ONLINE,8500.0,MERCH_BURST_7,TERM_SMASH_7,5,1799,6,10,CNPP MERCHANT SWEEP
65468298,CUST_000218,2026-06-21 14:08:00+00:00,POS_TERMINAL,8500.0,MERCH_BURST_8,TERM_SMASH_8,5,1646,6,10,CNPP MERCHANT SWEEP
77842840,CUST_000219,2026-06-21 14:01:00+00:00,ONLINE,8500.0,MERCH_BURST_1,TERM_SMASH_1,2863,4985,6,10,SINGLE-SOURCE VOLUME SPIKE
42814615,CUST_000219,2026-06-21 14:02:00+00:00,POS_TERMINAL,8500.0,MERCH_BURST_2,TERM_SMASH_2,1509,3660,6,10,SINGLE-SOURCE VOLUME SPIKE
58015681,CUST_000219,2026-06-21 14:03:00+00:00,ONLINE,8500.0,MERCH_BURST_3,TERM_SMASH_3,887,3520,6,10,SINGLE-SOURCE VOLUME SPIKE
41481515,CUST_000219,2026-06-21 14:04:00+00:00,POS_TERMINAL,8500.0,MERCH_BURST_4,TERM_SMASH_4,599,3071,6,10,SINGLE-SOURCE VOLUME SPIKE
73735393,CUST_000219,2026-06-21 14:05:00+00:00,ONLINE,8500.0,MERCH_BURST_5,TERM_SMASH_5,240,2867,6,10,SINGLE-SOURCE VOLUME SPIKE
54007669,CUST_000219,2026-06-21 14:06:00+00:00,POS_TERMINAL,8500.0,MERCH_BURST_6,TERM_SMASH_6,5,1513,6,10,CNPP MERCHANT SWEEP
82541018,CUST_000219,2026-06-21 14:07:00+00:00,ONLINE,8500.0,MERCH_BURST_7,TERM_SMASH_7,5,891,6,10,CNPP MERCHANT SWEEP
60973412,CUST_000219,2026-06-21 14:08:00+00:00,POS_TERMINAL,8500.0,MERCH_BURST_8,TERM_SMASH_8,5,603,6,10,CNPP MERCHANT SWEEP
116954906,CUST_000220,2026-06-21 14:01:00+00:00,ONLINE,8500.0,MERCH_BURST_1,TERM_SMASH_1,1777,2546,6,10,SINGLE-SOURCE VOLUME SPIKE
79319685,CUST_000220,2026-06-21 14:02:00+00:00,POS_TERMINAL,8500.0,MERCH_BURST_2,TERM_SMASH_2,1614,2318,6,10,SINGLE-SOURCE VOLUME SPIKE
103319149,CUST_000220,2026-06-21 14:03:00+00:00,ONLINE,8500.0,MERCH_BURST_3,TERM_SMASH_3,1184,2082,6,10,SINGLE-SOURCE VOLUME SPIKE
60775946,CUST_000220,2026-06-21 14:04:00+00:00,POS_TERMINAL,8500.0,MERCH_BURST_4,TERM_SMASH_4,979,1967,6,10,SINGLE-SOURCE VOLUME SPIKE
96819197,CUST_000220,2026-06-21 14:05:00+00:00,ONLINE,8500.0,MERCH_BURST_5,TERM_SMASH_5,968,1781,6,10,SINGLE-SOURCE VOLUME SPIKE
71820351,CUST_000220,2026-06-21 14:06:00+00:00,POS_TERMINAL,8500.0,MERCH_BURST_6,TERM_SMASH_6,5,1618,6,10,CNPP MERCHANT SWEEP
74162399,CUST_000220,2026-06-21 14:07:00+00:00,ONLINE,8500.0,MERCH_BURST_7,TERM_SMASH_7,5,1188,6,10,CNPP MERCHANT SWEEP
96548535,CUST_000220,2026-06-21 14:08:00+00:00,POS_TERMINAL,8500.0,MERCH_BURST_8,TERM_SMASH_8,5,983,6,10,CNPP MERCHANT SWEEP
84981705,CUST_000221,2026-06-21 14:01:00+00:00,ONLINE,8500.0,MERCH_BURST_1,TERM_SMASH_1,2231,4108,6,10,SINGLE-SOURCE VOLUME SPIKE
41756334,CUST_000221,2026-06-21 14:02:00+00:00,POS_TERMINAL,8500.0,MERCH_BURST_2,TERM_SMASH_2,1764,4059,6,10,SINGLE-SOURCE VOLUME SPIKE
53389587,CUST_000221,2026-06-21 14:03:00+00:00,ONLINE,8500.0,MERCH_BURST_3,TERM_SMASH_3,1376,2552,6,10,SINGLE-SOURCE VOLUME SPIKE
97303453,CUST_000221,2026-06-21 14:04:00+00:00,POS_TERMINAL,8500.0,MERCH_BURST_4,TERM_SMASH_4,1251,2461,6,10,SINGLE-SOURCE VOLUME SPIKE
55807462,CUST_000221,2026-06-21 14:05:00+00:00,ONLINE,8500.0,MERCH_BURST_5,TERM_SMASH_5,673,2235,6,10,SINGLE-SOURCE VOLUME SPIKE
50760359,CUST_000221,2026-06-21 14:06:00+00:00,POS_TERMINAL,8500.0,MERCH_BURST_6,TERM_SMASH_6,5,1768,6,10,CNPP MERCHANT SWEEP
51098100,CUST_000221,2026-06-21 14:07:00+00:00,ONLINE,8500.0,MERCH_BURST_7,TERM_SMASH_7,5,1380,6,10,CNPP MERCHANT SWEEP
35396203,CUST_000221,2026-06-21 14:08:00+00:00,POS_TERMINAL,8500.0,MERCH_BURST_8,TERM_SMASH_8,5,1255,6,10,CNPP MERCHANT SWEEP
116957489,CUST_000222,2026-06-21 14:01:00+00:00,ONLINE,8500.0,MERCH_BURST_1,TERM_SMASH_1,2382,3452,6,10,SINGLE-SOURCE VOLUME SPIKE
105080754,CUST_000222,2026-06-21 14:02:00+00:00,POS_TERMINAL,8500.0,MERCH_BURST_2,TERM_SMASH_2,1509,3408,6,10,SINGLE-SOURCE VOLUME SPIKE
86369510,CUST_000222,2026-06-21 14:03:00+00:00,ONLINE,8500.0,MERCH_BURST_3,TERM_SMASH_3,1249,2561,6,10,SINGLE-SOURCE VOLUME SPIKE
32018018,CUST_000222,2026-06-21 14:04:00+00:00,POS_TERMINAL,8500.0,MERCH_BURST_4,TERM_SMASH_4,1020,2403,6,10,SINGLE-SOURCE VOLUME SPIKE
50506120,CUST_000222,2026-06-21 14:05:00+00:00,ONLINE,8500.0,MERCH_BURST_5,TERM_SMASH_5,964,2386,6,10,SINGLE-SOURCE VOLUME SPIKE
57744505,CUST_000222,2026-06-21 14:06:00+00:00,POS_TERMINAL,8500.0,MERCH_BURST_6,TERM_SMASH_6,5,1513,6,10,CNPP MERCHANT SWEEP
53601173,CUST_000222,2026-06-21 14:07:00+00:00,ONLINE,8500.0,MERCH_BURST_7,TERM_SMASH_7,5,1253,6,10,CNPP MERCHANT SWEEP
109375560,CUST_000222,2026-06-21 14:08:00+00:00,POS_TERMINAL,8500.0,MERCH_BURST_8,TERM_SMASH_8,5,1024,6,10,CNPP MERCHANT SWEEP
94652428,CUST_000223,2026-06-21 14:01:00+00:00,ONLINE,8500.0,MERCH_BURST_1,TERM_SMASH_1,1447,4046,6,10,SINGLE-SOURCE VOLUME SPIKE
109004770,CUST_000223,2026-06-21 14:02:00+00:00,POS_TERMINAL,8500.0,MERCH_BURST_2,TERM_SMASH_2,1338,3942,6,10,SINGLE-SOURCE VOLUME SPIKE
109471267,CUST_000223,2026-06-21 14:03:00+00:00,ONLINE,8500.0,MERCH_BURST_3,TERM_SMASH_3,481,3526,6,10,SINGLE-SOURCE VOLUME SPIKE
72797340,CUST_000223,2026-06-21 14:04:00+00:00,POS_TERMINAL,8500.0,MERCH_BURST_4,TERM_SMASH_4,451,2639,6,10,SINGLE-SOURCE VOLUME SPIKE
30081756,CUST_000223,2026-06-21 14:05:00+00:00,ONLINE,8500.0,MERCH_BURST_5,TERM_SMASH_5,143,1451,6,10,SINGLE-SOURCE VOLUME SPIKE
58764735,CUST_000223,2026-06-21 14:06:00+00:00,POS_TERMINAL,8500.0,MERCH_BURST_6,TERM_SMASH_6,5,1342,6,10,CNPP MERCHANT SWEEP
96615508,CUST_000223,2026-06-21 14:07:00+00:00,ONLINE,8500.0,MERCH_BURST_7,TERM_SMASH_7,5,485,6,10,CNPP MERCHANT SWEEP
45148192,CUST_000223,2026-06-21 14:08:00+00:00,POS_TERMINAL,8500.0,MERCH_BURST_8,TERM_SMASH_8,5,455,6,10,CNPP MERCHANT SWEEP
46179011,CUST_000224,2026-06-21 14:01:00+00:00,ONLINE,8500.0,MERCH_BURST_1,TERM_SMASH_1,1120,3897,6,10,SINGLE-SOURCE VOLUME SPIKE
45172325,CUST_000224,2026-06-21 14:02:00+00:00,POS_TERMINAL,8500.0,MERCH_BURST_2,TERM_SMASH_2,1003,3459,6,10,SINGLE-SOURCE VOLUME SPIKE
36324684,CUST_000224,2026-06-21 14:03:00+00:00,ONLINE,8500.0,MERCH_BURST_3,TERM_SMASH_3,901,1925,6,10,SINGLE-SOURCE VOLUME SPIKE
39973096,CUST_000224,2026-06-21 14:04:00+00:00,POS_TERMINAL,8500.0,MERCH_BURST_4,TERM_SMASH_4,872,1376,6,10,SINGLE-SOURCE VOLUME SPIKE
85496670,CUST_000224,2026-06-21 14:05:00+00:00,ONLINE,8500.0,MERCH_BURST_5,TERM_SMASH_5,115,1124,6,10,SINGLE-SOURCE VOLUME SPIKE
67106847,CUST_000224,2026-06-21 14:06:00+00:00,POS_TERMINAL,8500.0,MERCH_BURST_6,TERM_SMASH_6,5,1007,6,10,CNPP MERCHANT SWEEP
59687333,CUST_000224,2026-06-21 14:07:00+00:00,ONLINE,8500.0,MERCH_BURST_7,TERM_SMASH_7,5,905,6,10,CNPP MERCHANT SWEEP
96093500,CUST_000224,2026-06-21 14:08:00+00:00,POS_TERMINAL,8500.0,MERCH_BURST_8,TERM_SMASH_8,5,876,6,10,CNPP MERCHANT SWEEP
111192490,CUST_000225,2026-06-21 14:01:00+00:00,ONLINE,8500.0,MERCH_BURST_1,TERM_SMASH_1,1520,2598,6,10,SINGLE-SOURCE VOLUME SPIKE
90704552,CUST_000225,2026-06-21 14:02:00+00:00,POS_TERMINAL,8500.0,MERCH_BURST_2,TERM_SMASH_2,1334,2488,6,10,SINGLE-SOURCE VOLUME SPIKE
44189847,CUST_000225,2026-06-21 14:03:00+00:00,ONLINE,8500.0,MERCH_BURST_3,TERM_SMASH_3,900,1864,6,10,SINGLE-SOURCE VOLUME SPIKE
33043709,CUST_000225,2026-06-21 14:04:00+00:00,POS_TERMINAL,8500.0,MERCH_BURST_4,TERM_SMASH_4,780,1630,6,10,SINGLE-SOURCE VOLUME SPIKE
116222108,CUST_000225,2026-06-21 14:05:00+00:00,ONLINE,8500.0,MERCH_BURST_5,TERM_SMASH_5,584,1524,6,10,SINGLE-SOURCE VOLUME SPIKE
99159643,CUST_000225,2026-06-21 14:06:00+00:00,POS_TERMINAL,8500.0,MERCH_BURST_6,TERM_SMASH_6,5,1338,6,10,CNPP MERCHANT SWEEP
70274779,CUST_000225,2026-06-21 14:07:00+00:00,ONLINE,8500.0,MERCH_BURST_7,TERM_SMASH_7,5,904,6,10,CNPP MERCHANT SWEEP
63329167,CUST_000225,2026-06-21 14:08:00+00:00,POS_TERMINAL,8500.0,MERCH_BURST_8,TERM_SMASH_8,5,784,6,10,CNPP MERCHANT SWEEP
62025542,CUST_000226,2026-06-21 14:01:00+00:00,ONLINE,8500.0,MERCH_BURST_1,TERM_SMASH_1,1027,3343,5,10,SINGLE-SOURCE VOLUME SPIKE
91586068,CUST_000226,2026-06-21 14:02:00+00:00,POS_TERMINAL,8500.0,MERCH_BURST_2,TERM_SMASH_2,752,3299,5,10,SINGLE-SOURCE VOLUME SPIKE
72513194,CUST_000226,2026-06-21 14:03:00+00:00,ONLINE,8500.0,MERCH_BURST_3,TERM_SMASH_3,733,2467,5,10,SINGLE-SOURCE VOLUME SPIKE
72696570,CUST_000226,2026-06-21 14:04:00+00:00,POS_TERMINAL,8500.0,MERCH_BURST_4,TERM_SMASH_4,398,2322,6,10,SINGLE-SOURCE VOLUME SPIKE
71299517,CUST_000226,2026-06-21 14:05:00+00:00,ONLINE,8500.0,MERCH_BURST_5,TERM_SMASH_5,285,1031,6,10,SINGLE-SOURCE VOLUME SPIKE
43083196,CUST_000226,2026-06-21 14:06:00+00:00,POS_TERMINAL,8500.0,MERCH_BURST_6,TERM_SMASH_6,5,756,6,10,CNPP MERCHANT SWEEP
43859729,CUST_000226,2026-06-21 14:07:00+00:00,ONLINE,8500.0,MERCH_BURST_7,TERM_SMASH_7,5,737,6,10,CNPP MERCHANT SWEEP
50510464,CUST_000226,2026-06-21 14:08:00+00:00,POS_TERMINAL,8500.0,MERCH_BURST_8,TERM_SMASH_8,5,402,6,10,CNPP MERCHANT SWEEP
71442765,CUST_000227,2026-06-21 14:01:00+00:00,ONLINE,8500.0,MERCH_BURST_1,TERM_SMASH_1,1285,2286,6,10,SINGLE-SOURCE VOLUME SPIKE
103622726,CUST_000227,2026-06-21 14:02:00+00:00,POS_TERMINAL,8500.0,MERCH_BURST_2,TERM_SMASH_2,1227,1808,6,10,SINGLE-SOURCE VOLUME SPIKE
70343154,CUST_000227,2026-06-21 14:03:00+00:00,ONLINE,8500.0,MERCH_BURST_3,TERM_SMASH_3,1149,1643,6,10,SINGLE-SOURCE VOLUME SPIKE
95375493,CUST_000227,2026-06-21 14:04:00+00:00,POS_TERMINAL,8500.0,MERCH_BURST_4,TERM_SMASH_4,906,1604,6,10,SINGLE-SOURCE VOLUME SPIKE
38096561,CUST_000227,2026-06-21 14:05:00+00:00,ONLINE,8500.0,MERCH_BURST_5,TERM_SMASH_5,831,1289,6,10,SINGLE-SOURCE VOLUME SPIKE
97329795,CUST_000227,2026-06-21 14:06:00+00:00,POS_TERMINAL,8500.0,MERCH_BURST_6,TERM_SMASH_6,5,1231,6,10,CNPP MERCHANT SWEEP
51012716,CUST_000227,2026-06-21 14:07:00+00:00,ONLINE,8500.0,MERCH_BURST_7,TERM_SMASH_7,5,1153,6,10,CNPP MERCHANT SWEEP
55689468,CUST_000227,2026-06-21 14:08:00+00:00,POS_TERMINAL,8500.0,MERCH_BURST_8,TERM_SMASH_8,5,910,6,10,CNPP MERCHANT SWEEP
115989326,CUST_000228,2026-06-21 14:01:00+00:00,ONLINE,8500.0,MERCH_BURST_1,TERM_SMASH_1,624,1250,6,9,SINGLE-SOURCE VOLUME SPIKE
52152091,CUST_000228,2026-06-21 14:02:00+00:00,POS_TERMINAL,8500.0,MERCH_BURST_2,TERM_SMASH_2,334,1064,6,9,SINGLE-SOURCE VOLUME SPIKE
95284234,CUST_000228,2026-06-21 14:03:00+00:00,ONLINE,8500.0,MERCH_BURST_3,TERM_SMASH_3,284,915,6,9,SINGLE-SOURCE VOLUME SPIKE
105950476,CUST_000228,2026-06-21 14:04:00+00:00,POS_TERMINAL,8500.0,MERCH_BURST_4,TERM_SMASH_4,247,844,6,9,SINGLE-SOURCE VOLUME SPIKE
30018553,CUST_000228,2026-06-21 14:05:00+00:00,ONLINE,8500.0,MERCH_BURST_5,TERM_SMASH_5,218,628,6,9,SINGLE-SOURCE VOLUME SPIKE
108849279,CUST_000228,2026-06-21 14:06:00+00:00,POS_TERMINAL,8500.0,MERCH_BURST_6,TERM_SMASH_6,5,338,6,9,CNPP MERCHANT SWEEP
119175359,CUST_000228,2026-06-21 14:07:00+00:00,ONLINE,8500.0,MERCH_BURST_7,TERM_SMASH_7,5,288,6,10,CNPP MERCHANT SWEEP
41812349,CUST_000228,2026-06-21 14:08:00+00:00,POS_TERMINAL,8500.0,MERCH_BURST_8,TERM_SMASH_8,5,251,6,10,CNPP MERCHANT SWEEP
87787380,CUST_000229,2026-06-21 14:01:00+00:00,ONLINE,8500.0,MERCH_BURST_1,TERM_SMASH_1,1981,2627,6,10,SINGLE-SOURCE VOLUME SPIKE
43162040,CUST_000229,2026-06-21 14:02:00+00:00,POS_TERMINAL,8500.0,MERCH_BURST_2,TERM_SMASH_2,1518,2474,6,10,SINGLE-SOURCE VOLUME SPIKE
71330033,CUST_000229,2026-06-21 14:03:00+00:00,ONLINE,8500.0,MERCH_BURST_3,TERM_SMASH_3,505,2266,6,10,SINGLE-SOURCE VOLUME SPIKE
46727770,CUST_000229,2026-06-21 14:04:00+00:00,POS_TERMINAL,8500.0,MERCH_BURST_4,TERM_SMASH_4,368,2250,6,10,SINGLE-SOURCE VOLUME SPIKE
60218418,CUST_000229,2026-06-21 14:05:00+00:00,ONLINE,8500.0,MERCH_BURST_5,TERM_SMASH_5,218,1985,6,10,SINGLE-SOURCE VOLUME SPIKE
75495541,CUST_000229,2026-06-21 14:06:00+00:00,POS_TERMINAL,8500.0,MERCH_BURST_6,TERM_SMASH_6,5,1522,6,10,CNPP MERCHANT SWEEP
38720455,CUST_000229,2026-06-21 14:07:00+00:00,ONLINE,8500.0,MERCH_BURST_7,TERM_SMASH_7,5,509,6,10,CNPP MERCHANT SWEEP
88768000,CUST_000229,2026-06-21 14:08:00+00:00,POS_TERMINAL,8500.0,MERCH_BURST_8,TERM_SMASH_8,5,372,6,10,CNPP MERCHANT SWEEP
108787746,CUST_000230,2026-06-21 14:01:00+00:00,ONLINE,8500.0,MERCH_BURST_1,TERM_SMASH_1,2645,4592,6,10,SINGLE-SOURCE VOLUME SPIKE
115343604,CUST_000230,2026-06-21 14:02:00+00:00,POS_TERMINAL,8500.0,MERCH_BURST_2,TERM_SMASH_2,1877,4566,6,10,SINGLE-SOURCE VOLUME SPIKE
79458502,CUST_000230,2026-06-21 14:03:00+00:00,ONLINE,8500.0,MERCH_BURST_3,TERM_SMASH_3,1335,4319,6,10,SINGLE-SOURCE VOLUME SPIKE
38613803,CUST_000230,2026-06-21 14:04:00+00:00,POS_TERMINAL,8500.0,MERCH_BURST_4,TERM_SMASH_4,1104,3414,6,10,SINGLE-SOURCE VOLUME SPIKE
72629265,CUST_000230,2026-06-21 14:05:00+00:00,ONLINE,8500.0,MERCH_BURST_5,TERM_SMASH_5,118,2649,6,10,SINGLE-SOURCE VOLUME SPIKE
45465681,CUST_000230,2026-06-21 14:06:00+00:00,POS_TERMINAL,8500.0,MERCH_BURST_6,TERM_SMASH_6,5,1881,6,10,CNPP MERCHANT SWEEP
109312383,CUST_000230,2026-06-21 14:07:00+00:00,ONLINE,8500.0,MERCH_BURST_7,TERM_SMASH_7,5,1339,6,10,CNPP MERCHANT SWEEP
56983000,CUST_000230,2026-06-21 14:08:00+00:00,POS_TERMINAL,8500.0,MERCH_BURST_8,TERM_SMASH_8,5,1108,6,10,CNPP MERCHANT SWEEP
31706074,CUST_000241,2026-05-23 17:10:13.896528+00:00,POS_TERMINAL,433.81,MERCH_000459,TERM_000185,,,2,2,SINGLE-SOURCE VOLUME SPIKE
51675518,CUST_000262,2026-05-23 21:59:13.896528+00:00,ONLINE,498.84,MERCH_000479,TERM_000294,,,2,2,SINGLE-SOURCE VOLUME SPIKE
92680083,CUST_000301,2026-06-18 16:07:13.896528+00:00,ONLINE,4800.0,MERCH_HIGH_2,TERM_HIGH_2,1450,2009,6,10,SINGLE-SOURCE VOLUME SPIKE
71100675,CUST_000301,2026-06-20 16:07:13.896528+00:00,ONLINE,4800.0,MERCH_HIGH_1,TERM_HIGH_1,1886,2747,6,10,SINGLE-SOURCE VOLUME SPIKE
53622692,CUST_000302,2026-06-18 16:07:13.896528+00:00,ONLINE,4800.0,MERCH_HIGH_2,TERM_HIGH_2,831,2805,6,10,SINGLE-SOURCE VOLUME SPIKE
96954736,CUST_000302,2026-06-20 16:07:13.896528+00:00,ONLINE,4800.0,MERCH_HIGH_1,TERM_HIGH_1,1170,2654,6,10,SINGLE-SOURCE VOLUME SPIKE
81694737,CUST_000303,2026-06-18 16:07:13.896528+00:00,ONLINE,4800.0,MERCH_HIGH_2,TERM_HIGH_2,1681,3127,6,10,SINGLE-SOURCE VOLUME SPIKE
96888820,CUST_000303,2026-06-20 16:07:13.896528+00:00,ONLINE,4800.0,MERCH_HIGH_1,TERM_HIGH_1,1103,1936,6,9,SINGLE-SOURCE VOLUME SPIKE
129318337,CUST_000304,2026-06-18 16:07:13.896528+00:00,ONLINE,4800.0,MERCH_HIGH_2,TERM_HIGH_2,1816,4075,6,10,SINGLE-SOURCE VOLUME SPIKE
106415239,CUST_000304,2026-06-20 16:07:13.896528+00:00,ONLINE,4800.0,MERCH_HIGH_1,TERM_HIGH_1,551,3498,6,10,SINGLE-SOURCE VOLUME SPIKE
80827694,CUST_000305,2026-06-18 16:07:13.896528+00:00,ONLINE,4800.0,MERCH_HIGH_2,TERM_HIGH_2,756,1668,6,10,SINGLE-SOURCE VOLUME SPIKE
129548677,CUST_000305,2026-06-20 16:07:13.896528+00:00,ONLINE,4800.0,MERCH_HIGH_1,TERM_HIGH_1,3024,3636,6,10,SINGLE-SOURCE VOLUME SPIKE
61108052,CUST_000306,2026-06-18 16:07:13.896528+00:00,ONLINE,4800.0,MERCH_HIGH_2,TERM_HIGH_2,510,2996,6,10,SINGLE-SOURCE VOLUME SPIKE
109116032,CUST_000306,2026-06-20 16:07:13.896528+00:00,ONLINE,4800.0,MERCH_HIGH_1,TERM_HIGH_1,1820,2880,6,9,SINGLE-SOURCE VOLUME SPIKE
105118658,CUST_000307,2026-06-18 16:07:13.896528+00:00,ONLINE,4800.0,MERCH_HIGH_2,TERM_HIGH_2,3090,3585,6,10,SINGLE-SOURCE VOLUME SPIKE
103258896,CUST_000307,2026-06-20 16:07:13.896528+00:00,ONLINE,4800.0,MERCH_HIGH_1,TERM_HIGH_1,1974,2526,6,10,SINGLE-SOURCE VOLUME SPIKE
92480986,CUST_000308,2026-06-18 16:07:13.896528+00:00,ONLINE,4800.0,MERCH_HIGH_2,TERM_HIGH_2,3178,4088,6,10,SINGLE-SOURCE VOLUME SPIKE
82281934,CUST_000308,2026-06-20 16:07:13.896528+00:00,ONLINE,4800.0,MERCH_HIGH_1,TERM_HIGH_1,1277,4892,6,10,SINGLE-SOURCE VOLUME SPIKE
99505868,CUST_000309,2026-06-18 16:07:13.896528+00:00,ONLINE,4800.0,MERCH_HIGH_2,TERM_HIGH_2,2948,3627,6,9,SINGLE-SOURCE VOLUME SPIKE
84692576,CUST_000309,2026-06-20 16:07:13.896528+00:00,ONLINE,4800.0,MERCH_HIGH_1,TERM_HIGH_1,1308,2461,6,10,SINGLE-SOURCE VOLUME SPIKE
57175393,CUST_000310,2026-06-18 16:07:13.896528+00:00,ONLINE,4800.0,MERCH_HIGH_2,TERM_HIGH_2,1839,3600,6,10,SINGLE-SOURCE VOLUME SPIKE
107977658,CUST_000310,2026-06-20 16:07:13.896528+00:00,ONLINE,4800.0,MERCH_HIGH_1,TERM_HIGH_1,3552,4719,6,10,SINGLE-SOURCE VOLUME SPIKE
87044711,CUST_000311,2026-06-18 16:07:13.896528+00:00,ONLINE,4800.0,MERCH_HIGH_2,TERM_HIGH_2,838,1391,6,10,SINGLE-SOURCE VOLUME SPIKE
73622719,CUST_000311,2026-06-20 16:07:13.896528+00:00,ONLINE,4800.0,MERCH_HIGH_1,TERM_HIGH_1,2842,3264,6,10,SINGLE-SOURCE VOLUME SPIKE
121565754,CUST_000312,2026-06-18 16:07:13.896528+00:00,ONLINE,4800.0,MERCH_HIGH_2,TERM_HIGH_2,2769,3277,6,10,SINGLE-SOURCE VOLUME SPIKE
109327613,CUST_000312,2026-06-20 16:07:13.896528+00:00,ONLINE,4800.0,MERCH_HIGH_1,TERM_HIGH_1,1760,2236,6,10,SINGLE-SOURCE VOLUME SPIKE
115177555,CUST_000313,2026-06-18 16:07:13.896528+00:00,ONLINE,4800.0,MERCH_HIGH_2,TERM_HIGH_2,1583,2823,6,10,SINGLE-SOURCE VOLUME SPIKE
76423263,CUST_000313,2026-06-20 16:07:13.896528+00:00,ONLINE,4800.0,MERCH_HIGH_1,TERM_HIGH_1,2001,2240,6,10,SINGLE-SOURCE VOLUME SPIKE
118925541,CUST_000314,2026-06-18 16:07:13.896528+00:00,ONLINE,4800.0,MERCH_HIGH_2,TERM_HIGH_2,1353,2197,6,10,SINGLE-SOURCE VOLUME SPIKE
89872489,CUST_000314,2026-06-20 16:07:13.896528+00:00,ONLINE,4800.0,MERCH_HIGH_1,TERM_HIGH_1,1831,2693,6,10,SINGLE-SOURCE VOLUME SPIKE
88322895,CUST_000315,2026-06-18 16:07:13.896528+00:00,ONLINE,4800.0,MERCH_HIGH_2,TERM_HIGH_2,1328,1859,6,10,SINGLE-SOURCE VOLUME SPIKE
109328509,CUST_000315,2026-06-20 16:07:13.896528+00:00,ONLINE,4800.0,MERCH_HIGH_1,TERM_HIGH_1,722,2880,6,10,SINGLE-SOURCE VOLUME SPIKE
80912070,CUST_000316,2026-06-18 16:07:13.896528+00:00,ONLINE,4800.0,MERCH_HIGH_2,TERM_HIGH_2,1097,2440,6,10,SINGLE-SOURCE VOLUME SPIKE
41323014,CUST_000316,2026-06-20 16:07:13.896528+00:00,ONLINE,4800.0,MERCH_HIGH_1,TERM_HIGH_1,2810,3627,6,10,SINGLE-SOURCE VOLUME SPIKE
86001020,CUST_000317,2026-06-18 16:07:13.896528+00:00,ONLINE,4800.0,MERCH_HIGH_2,TERM_HIGH_2,1623,2466,6,10,SINGLE-SOURCE VOLUME SPIKE
125417806,CUST_000317,2026-06-20 16:07:13.896528+00:00,ONLINE,4800.0,MERCH_HIGH_1,TERM_HIGH_1,3450,4809,6,10,SINGLE-SOURCE VOLUME SPIKE
65181551,CUST_000318,2026-06-18 16:07:13.896528+00:00,ONLINE,4800.0,MERCH_HIGH_2,TERM_HIGH_2,1097,2761,6,10,SINGLE-SOURCE VOLUME SPIKE
112308824,CUST_000318,2026-06-20 16:07:13.896528+00:00,ONLINE,4800.0,MERCH_HIGH_1,TERM_HIGH_1,2739,3508,6,10,SINGLE-SOURCE VOLUME SPIKE
79820055,CUST_000319,2026-06-18 16:07:13.896528+00:00,ONLINE,4800.0,MERCH_HIGH_2,TERM_HIGH_2,918,2384,6,10,SINGLE-SOURCE VOLUME SPIKE
55834128,CUST_000319,2026-06-20 16:07:13.896528+00:00,ONLINE,4800.0,MERCH_HIGH_1,TERM_HIGH_1,1970,2880,6,10,SINGLE-SOURCE VOLUME SPIKE
75132570,CUST_000320,2026-06-18 16:07:13.896528+00:00,ONLINE,4800.0,MERCH_HIGH_2,TERM_HIGH_2,1185,1611,6,10,SINGLE-SOURCE VOLUME SPIKE
75142263,CUST_000320,2026-06-20 16:07:13.896528+00:00,ONLINE,4800.0,MERCH_HIGH_1,TERM_HIGH_1,1592,2495,6,10,SINGLE-SOURCE VOLUME SPIKE
107280834,CUST_000321,2026-06-18 16:07:13.896528+00:00,ONLINE,4800.0,MERCH_HIGH_2,TERM_HIGH_2,909,2356,5,10,SINGLE-SOURCE VOLUME SPIKE
66065442,CUST_000321,2026-06-20 16:07:13.896528+00:00,ONLINE,4800.0,MERCH_HIGH_1,TERM_HIGH_1,647,2772,6,9,SINGLE-SOURCE VOLUME SPIKE
107200149,CUST_000322,2026-06-18 16:07:13.896528+00:00,ONLINE,4800.0,MERCH_HIGH_2,TERM_HIGH_2,2253,3726,6,10,SINGLE-SOURCE VOLUME SPIKE
96782097,CUST_000322,2026-06-20 16:07:13.896528+00:00,ONLINE,4800.0,MERCH_HIGH_1,TERM_HIGH_1,1944,2880,6,10,SINGLE-SOURCE VOLUME SPIKE
81901554,CUST_000323,2026-06-18 16:07:13.896528+00:00,ONLINE,4800.0,MERCH_HIGH_2,TERM_HIGH_2,1966,3792,6,10,SINGLE-SOURCE VOLUME SPIKE
78510119,CUST_000323,2026-06-20 16:07:13.896528+00:00,ONLINE,4800.0,MERCH_HIGH_1,TERM_HIGH_1,994,1871,6,10,SINGLE-SOURCE VOLUME SPIKE
84493499,CUST_000324,2026-06-18 16:07:13.896528+00:00,ONLINE,4800.0,MERCH_HIGH_2,TERM_HIGH_2,785,1869,6,10,SINGLE-SOURCE VOLUME SPIKE
77288624,CUST_000324,2026-06-20 16:07:13.896528+00:00,ONLINE,4800.0,MERCH_HIGH_1,TERM_HIGH_1,1829,3103,6,10,SINGLE-SOURCE VOLUME SPIKE
104675534,CUST_000325,2026-06-18 16:07:13.896528+00:00,ONLINE,4800.0,MERCH_HIGH_2,TERM_HIGH_2,1761,2775,6,9,SINGLE-SOURCE VOLUME SPIKE
113544351,CUST_000325,2026-06-20 16:07:13.896528+00:00,ONLINE,4800.0,MERCH_HIGH_1,TERM_HIGH_1,2852,3429,6,9,SINGLE-SOURCE VOLUME SPIKE
71097391,CUST_000326,2026-06-18 16:07:13.896528+00:00,ONLINE,4800.0,MERCH_HIGH_2,TERM_HIGH_2,1105,2855,6,10,SINGLE-SOURCE VOLUME SPIKE
113273176,CUST_000326,2026-06-20 16:07:13.896528+00:00,ONLINE,4800.0,MERCH_HIGH_1,TERM_HIGH_1,1347,2253,6,10,SINGLE-SOURCE VOLUME SPIKE
81136868,CUST_000327,2026-06-18 16:07:13.896528+00:00,ONLINE,4800.0,MERCH_HIGH_2,TERM_HIGH_2,1671,2416,6,10,SINGLE-SOURCE VOLUME SPIKE
107054607,CUST_000327,2026-06-20 16:07:13.896528+00:00,ONLINE,4800.0,MERCH_HIGH_1,TERM_HIGH_1,2311,3364,6,10,SINGLE-SOURCE VOLUME SPIKE
86135262,CUST_000328,2026-06-18 16:07:13.896528+00:00,ONLINE,4800.0,MERCH_HIGH_2,TERM_HIGH_2,1681,2601,6,10,SINGLE-SOURCE VOLUME SPIKE
102605087,CUST_000328,2026-06-20 16:07:13.896528+00:00,ONLINE,4800.0,MERCH_HIGH_1,TERM_HIGH_1,3124,4561,6,9,SINGLE-SOURCE VOLUME SPIKE
87491919,CUST_000329,2026-06-18 16:07:13.896528+00:00,ONLINE,4800.0,MERCH_HIGH_2,TERM_HIGH_2,2028,2864,5,10,SINGLE-SOURCE VOLUME SPIKE
75515169,CUST_000329,2026-06-20 16:07:13.896528+00:00,ONLINE,4800.0,MERCH_HIGH_1,TERM_HIGH_1,2880,4881,6,9,SINGLE-SOURCE VOLUME SPIKE
76909822,CUST_000330,2026-06-18 16:07:13.896528+00:00,ONLINE,4800.0,MERCH_HIGH_2,TERM_HIGH_2,706,1701,6,10,SINGLE-SOURCE VOLUME SPIKE
79699922,CUST_000330,2026-06-20 16:07:13.896528+00:00,ONLINE,4800.0,MERCH_HIGH_1,TERM_HIGH_1,1622,2880,6,10,SINGLE-SOURCE VOLUME SPIKE
58130882,CUST_000331,2026-06-18 16:07:13.896528+00:00,ONLINE,4800.0,MERCH_HIGH_2,TERM_HIGH_2,1333,3108,6,10,SINGLE-SOURCE VOLUME SPIKE
76681549,CUST_000331,2026-06-20 16:07:13.896528+00:00,ONLINE,4800.0,MERCH_HIGH_1,TERM_HIGH_1,1309,2319,6,10,SINGLE-SOURCE VOLUME SPIKE
128946779,CUST_000332,2026-06-18 16:07:13.896528+00:00,ONLINE,4800.0,MERCH_HIGH_2,TERM_HIGH_2,2297,2930,6,10,SINGLE-SOURCE VOLUME SPIKE
104431623,CUST_000332,2026-06-20 16:07:13.896528+00:00,ONLINE,4800.0,MERCH_HIGH_1,TERM_HIGH_1,1827,2973,6,10,SINGLE-SOURCE VOLUME SPIKE
85120966,CUST_000333,2026-06-18 16:07:13.896528+00:00,ONLINE,4800.0,MERCH_HIGH_2,TERM_HIGH_2,1083,1594,6,10,SINGLE-SOURCE VOLUME SPIKE
78886326,CUST_000333,2026-06-20 16:07:13.896528+00:00,ONLINE,4800.0,MERCH_HIGH_1,TERM_HIGH_1,2347,3182,6,10,SINGLE-SOURCE VOLUME SPIKE
99082619,CUST_000334,2026-06-18 16:07:13.896528+00:00,ONLINE,4800.0,MERCH_HIGH_2,TERM_HIGH_2,1026,3673,6,10,SINGLE-SOURCE VOLUME SPIKE
89361369,CUST_000334,2026-06-20 16:07:13.896528+00:00,ONLINE,4800.0,MERCH_HIGH_1,TERM_HIGH_1,2880,3862,6,10,SINGLE-SOURCE VOLUME SPIKE
41047739,CUST_000335,2026-06-18 16:07:13.896528+00:00,ONLINE,4800.0,MERCH_HIGH_2,TERM_HIGH_2,3206,5123,6,10,SINGLE-SOURCE VOLUME SPIKE
107905311,CUST_000335,2026-06-20 16:07:13.896528+00:00,ONLINE,4800.0,MERCH_HIGH_1,TERM_HIGH_1,1982,4906,6,10,SINGLE-SOURCE VOLUME SPIKE
122850160,CUST_000336,2026-06-18 16:07:13.896528+00:00,ONLINE,4800.0,MERCH_HIGH_2,TERM_HIGH_2,2145,2346,6,10,SINGLE-SOURCE VOLUME SPIKE
104702537,CUST_000336,2026-06-20 16:07:13.896528+00:00,ONLINE,4800.0,MERCH_HIGH_1,TERM_HIGH_1,1897,2646,6,10,SINGLE-SOURCE VOLUME SPIKE
50360083,CUST_000337,2026-06-18 16:07:13.896528+00:00,ONLINE,4800.0,MERCH_HIGH_2,TERM_HIGH_2,1718,2444,6,9,SINGLE-SOURCE VOLUME SPIKE
120954527,CUST_000337,2026-06-20 16:07:13.896528+00:00,ONLINE,4800.0,MERCH_HIGH_1,TERM_HIGH_1,1705,3098,6,10,SINGLE-SOURCE VOLUME SPIKE
50491069,CUST_000338,2026-06-18 16:07:13.896528+00:00,ONLINE,4800.0,MERCH_HIGH_2,TERM_HIGH_2,1920,3874,6,10,SINGLE-SOURCE VOLUME SPIKE
54698442,CUST_000338,2026-06-20 16:07:13.896528+00:00,ONLINE,4800.0,MERCH_HIGH_1,TERM_HIGH_1,1436,1709,6,10,SINGLE-SOURCE VOLUME SPIKE
75132186,CUST_000339,2026-06-18 16:07:13.896528+00:00,ONLINE,4800.0,MERCH_HIGH_2,TERM_HIGH_2,3653,4546,6,10,SINGLE-SOURCE VOLUME SPIKE
122665341,CUST_000339,2026-06-20 16:07:13.896528+00:00,ONLINE,4800.0,MERCH_HIGH_1,TERM_HIGH_1,914,2525,6,10,SINGLE-SOURCE VOLUME SPIKE
85035945,CUST_000340,2026-06-18 16:07:13.896528+00:00,ONLINE,4800.0,MERCH_HIGH_2,TERM_HIGH_2,1724,3230,6,10,SINGLE-SOURCE VOLUME SPIKE
69505465,CUST_000340,2026-06-20 16:07:13.896528+00:00,ONLINE,4800.0,MERCH_HIGH_1,TERM_HIGH_1,1856,3046,6,10,SINGLE-SOURCE VOLUME SPIKE
72431756,CUST_000341,2026-06-18 16:07:13.896528+00:00,ONLINE,4800.0,MERCH_HIGH_2,TERM_HIGH_2,1393,2650,6,10,SINGLE-SOURCE VOLUME SPIKE
103438693,CUST_000341,2026-06-20 16:07:13.896528+00:00,ONLINE,4800.0,MERCH_HIGH_1,TERM_HIGH_1,1937,2880,6,10,SINGLE-SOURCE VOLUME SPIKE
122702638,CUST_000342,2026-06-18 16:07:13.896528+00:00,ONLINE,4800.0,MERCH_HIGH_2,TERM_HIGH_2,2429,3984,6,10,SINGLE-SOURCE VOLUME SPIKE
101706144,CUST_000342,2026-06-20 16:07:13.896528+00:00,ONLINE,4800.0,MERCH_HIGH_1,TERM_HIGH_1,2656,3439,6,10,SINGLE-SOURCE VOLUME SPIKE
105133799,CUST_000343,2026-06-18 16:07:13.896528+00:00,ONLINE,4800.0,MERCH_HIGH_2,TERM_HIGH_2,1148,2475,6,10,SINGLE-SOURCE VOLUME SPIKE
77041695,CUST_000343,2026-06-20 16:07:13.896528+00:00,ONLINE,4800.0,MERCH_HIGH_1,TERM_HIGH_1,1404,2672,6,10,SINGLE-SOURCE VOLUME SPIKE
69939031,CUST_000344,2026-06-18 16:07:13.896528+00:00,ONLINE,4800.0,MERCH_HIGH_2,TERM_HIGH_2,1539,2600,6,9,SINGLE-SOURCE VOLUME SPIKE
62489325,CUST_000344,2026-06-20 16:07:13.896528+00:00,ONLINE,4800.0,MERCH_HIGH_1,TERM_HIGH_1,2880,4390,6,9,SINGLE-SOURCE VOLUME SPIKE
100985235,CUST_000345,2026-06-18 16:07:13.896528+00:00,ONLINE,4800.0,MERCH_HIGH_2,TERM_HIGH_2,1633,4063,6,10,SINGLE-SOURCE VOLUME SPIKE
59372138,CUST_000345,2026-06-20 16:07:13.896528+00:00,ONLINE,4800.0,MERCH_HIGH_1,TERM_HIGH_1,825,2638,6,10,SINGLE-SOURCE VOLUME SPIKE
80338154,CUST_000346,2026-06-18 16:07:13.896528+00:00,ONLINE,4800.0,MERCH_HIGH_2,TERM_HIGH_2,1420,2228,6,10,SINGLE-SOURCE VOLUME SPIKE
63619655,CUST_000346,2026-06-20 16:07:13.896528+00:00,ONLINE,4800.0,MERCH_HIGH_1,TERM_HIGH_1,2851,3324,5,10,SINGLE-SOURCE VOLUME SPIKE
41610592,CUST_000347,2026-06-18 16:07:13.896528+00:00,ONLINE,4800.0,MERCH_HIGH_2,TERM_HIGH_2,1613,3473,6,10,SINGLE-SOURCE VOLUME SPIKE
100516483,CUST_000347,2026-06-20 16:07:13.896528+00:00,ONLINE,4800.0,MERCH_HIGH_1,TERM_HIGH_1,2507,4087,6,10,SINGLE-SOURCE VOLUME SPIKE
118637475,CUST_000348,2026-06-18 16:07:13.896528+00:00,ONLINE,4800.0,MERCH_HIGH_2,TERM_HIGH_2,896,2549,6,10,SINGLE-SOURCE VOLUME SPIKE
93207528,CUST_000348,2026-06-20 16:07:13.896528+00:00,ONLINE,4800.0,MERCH_HIGH_1,TERM_HIGH_1,1237,2880,6,10,SINGLE-SOURCE VOLUME SPIKE
124201794,CUST_000349,2026-06-18 16:07:13.896528+00:00,ONLINE,4800.0,MERCH_HIGH_2,TERM_HIGH_2,2172,3240,6,10,SINGLE-SOURCE VOLUME SPIKE
83339718,CUST_000349,2026-06-20 16:07:13.896528+00:00,ONLINE,4800.0,MERCH_HIGH_1,TERM_HIGH_1,2103,3369,6,10,SINGLE-SOURCE VOLUME SPIKE
115528329,CUST_000350,2026-06-18 16:07:13.896528+00:00,ONLINE,4800.0,MERCH_HIGH_2,TERM_HIGH_2,1104,4672,6,9,SINGLE-SOURCE VOLUME SPIKE
114086198,CUST_000350,2026-06-20 16:07:13.896528+00:00,ONLINE,4800.0,MERCH_HIGH_1,TERM_HIGH_1,1873,2603,6,10,SINGLE-SOURCE VOLUME SPIKE
98966568,CUST_000541,2026-05-23 21:38:13.896528+00:00,ONLINE,383.31,MERCH_000404,TERM_000276,,,2,2,SINGLE-SOURCE VOLUME SPIKE
12819841,CUST_000576,2026-05-24 10:02:13.896528+00:00,POS_TERMINAL,391.09,MERCH_000098,TERM_000422,,,2,2,SINGLE-SOURCE VOLUME SPIKE
60374714,CUST_000710,2026-05-23 21:07:13.896528+00:00,POS_TERMINAL,427.27,MERCH_000392,TERM_000093,,,2,2,SINGLE-SOURCE VOLUME SPIKE
15077565,CUST_000897,2026-05-24 02:06:13.896528+00:00,POS_TERMINAL,478.94,MERCH_000074,TERM_000342,,,2,2,SINGLE-SOURCE VOLUME SPIKE
